date,第二食堂,好利来食品店,第五食堂,第一食堂,红太阳超市,第四食堂,第三食堂,财务处
2019/4/8 0:00,505,0,0,0,3,0,0,0
2019/4/8 0:10,0,0,0,0,0,0,0,0
2019/4/8 0:20,0,0,0,0,0,0,0,0
2019/4/8 0:30,0,0,0,0,0,0,0,0
2019/4/8 0:40,0,0,0,0,0,0,0,0
2019/4/8 0:50,0,0,0,0,0,0,0,0
2019/4/8 1:00,0,0,0,0,0,0,0,0
2019/4/8 1:10,0,0,0,0,0,0,0,0
2019/4/8 1:20,0,0,0,0,0,0,0,0
2019/4/8 1:30,0,0,0,0,0,0,0,0
2019/4/8 1:40,0,0,0,0,0,0,0,0
2019/4/8 1:50,0,0,0,0,0,0,0,0
2019/4/8 2:00,0,0,0,0,0,0,0,0
2019/4/8 2:10,0,0,0,0,0,0,0,0
2019/4/8 2:20,0,0,0,0,0,0,0,0
2019/4/8 2:30,0,0,0,0,0,0,0,0
2019/4/8 2:40,0,0,0,0,0,0,0,0
2019/4/8 2:50,0,0,0,0,0,0,0,0
2019/4/8 3:00,0,0,0,0,0,0,0,0
2019/4/8 3:10,0,0,0,0,0,0,0,0
2019/4/8 3:20,0,0,0,0,0,0,0,0
2019/4/8 3:30,0,0,0,0,0,0,0,0
2019/4/8 3:40,0,0,0,0,0,0,0,0
2019/4/8 3:50,0,0,0,0,0,0,0,0
2019/4/8 4:00,0,0,0,0,0,0,0,0
2019/4/8 4:10,0,0,0,0,0,0,0,0
2019/4/8 4:20,0,0,0,0,0,0,0,0
2019/4/8 4:30,0,0,0,0,0,0,0,0
2019/4/8 4:40,0,0,0,0,0,0,0,0
2019/4/8 4:50,0,0,0,0,0,0,0,0
2019/4/8 5:00,0,0,0,0,0,0,0,0
2019/4/8 5:10,0,0,0,0,0,0,0,0
2019/4/8 5:20,0,0,0,0,0,0,0,0
2019/4/8 5:30,0,0,0,0,0,0,0,0
2019/4/8 5:40,0,0,0,0,0,0,0,0
2019/4/8 5:50,0,0,0,0,0,0,0,0
2019/4/8 6:00,0,0,0,0,0,0,0,0
2019/4/8 6:10,0,0,0,0,0,0,0,0
2019/4/8 6:20,1,0,0,0,0,0,0,0
2019/4/8 6:30,5,0,2,0,0,0,0,0
2019/4/8 6:40,12,2,6,2,0,0,0,0
2019/4/8 6:50,10,1,14,0,0,0,0,0
2019/4/8 7:00,29,1,34,5,0,0,0,0
2019/4/8 7:10,56,5,66,10,0,0,0,0
2019/4/8 7:20,150,23,190,44,0,0,3,0
2019/4/8 7:30,255,78,241,83,0,0,6,0
2019/4/8 7:40,287,131,121,136,0,0,1,0
2019/4/8 7:50,199,55,30,80,0,0,2,0
2019/4/8 8:00,46,3,21,18,0,0,4,0
2019/4/8 8:10,33,11,21,7,0,0,1,0
2019/4/8 8:20,24,2,17,13,1,0,2,0
2019/4/8 8:30,28,3,13,16,0,0,0,6
2019/4/8 8:40,22,4,14,7,8,0,0,3
2019/4/8 8:50,33,5,13,11,6,0,0,9
2019/4/8 9:00,25,6,16,8,3,0,0,11
2019/4/8 9:10,33,4,15,12,2,0,1,4
2019/4/8 9:20,19,11,17,14,3,0,1,12
2019/4/8 9:30,61,46,34,28,4,0,0,20
2019/4/8 9:40,90,52,18,38,5,2,0,34
2019/4/8 9:50,78,28,13,42,9,6,0,34
2019/4/8 10:00,13,4,19,7,15,8,3,17
2019/4/8 10:10,3,16,5,2,4,1,4,3
2019/4/8 10:20,4,2,3,3,1,1,0,2
2019/4/8 10:30,2,4,2,0,2,0,1,4
2019/4/8 10:40,7,3,7,5,1,0,1,9
2019/4/8 10:50,9,3,9,5,0,5,1,5
2019/4/8 11:00,13,0,11,1,1,16,3,8
2019/4/8 11:10,29,2,21,9,0,27,28,28
2019/4/8 11:20,58,2,45,16,2,59,20,39
2019/4/8 11:30,68,4,86,28,6,102,52,55
2019/4/8 11:40,153,5,203,58,14,220,111,83
2019/4/8 11:50,336,33,351,182,20,394,242,150
2019/4/8 12:00,129,19,230,42,14,239,175,128
2019/4/8 12:10,95,23,140,38,7,115,99,74
2019/4/8 12:20,45,17,70,23,10,69,54,56
2019/4/8 12:30,43,7,26,25,7,51,23,34
2019/4/8 12:40,24,6,26,13,5,31,10,16
2019/4/8 12:50,10,1,14,5,8,18,1,5
2019/4/8 13:00,3,1,3,1,4,5,4,1
2019/4/8 13:10,1,2,2,2,3,9,0,0
2019/4/8 13:20,2,1,0,2,0,2,0,0
2019/4/8 13:30,0,1,0,1,2,1,0,0
2019/4/8 13:40,0,6,0,0,1,3,0,0
2019/4/8 13:50,0,6,0,0,4,0,0,0
2019/4/8 14:00,0,4,0,0,2,0,0,0
2019/4/8 14:10,0,41,0,0,7,0,0,0
2019/4/8 14:20,0,9,0,0,7,0,0,0
2019/4/8 14:30,0,7,0,0,3,0,0,0
2019/4/8 14:40,0,4,0,0,2,0,0,0
2019/4/8 14:50,0,2,0,0,1,0,0,1
2019/4/8 15:00,0,2,0,0,0,7,2,1
2019/4/8 15:10,6,3,0,6,0,2,3,0
2019/4/8 15:20,9,2,0,9,2,4,0,2
2019/4/8 15:30,3,0,1,2,2,1,0,2
2019/4/8 15:40,4,1,0,1,1,4,0,0
2019/4/8 15:50,1,4,0,1,3,4,0,3
2019/4/8 16:00,2,8,1,8,8,0,0,5
2019/4/8 16:10,7,17,6,6,6,10,1,5
2019/4/8 16:20,66,73,87,33,29,63,25,55
2019/4/8 16:30,31,43,67,22,16,28,50,33
2019/4/8 16:40,8,17,34,4,5,20,10,19
2019/4/8 16:50,22,8,29,7,2,12,11,15
2019/4/8 17:00,19,8,31,17,3,36,22,13
2019/4/8 17:10,30,12,32,5,9,28,31,26
2019/4/8 17:20,56,16,37,19,5,36,31,24
2019/4/8 17:30,67,11,63,21,6,54,55,34
2019/4/8 17:40,58,7,62,23,19,44,62,35
2019/4/8 17:50,81,11,98,30,12,83,77,46
2019/4/8 18:00,131,19,105,57,13,160,59,49
2019/4/8 18:10,102,19,129,49,10,142,83,30
2019/4/8 18:20,30,21,59,14,7,117,56,8
2019/4/8 18:30,30,15,51,19,13,57,36,20
2019/4/8 18:40,30,12,34,20,18,71,28,7
2019/4/8 18:50,21,14,39,12,7,71,24,12
2019/4/8 19:00,27,12,37,12,10,55,27,0
2019/4/8 19:10,30,18,19,18,6,39,12,0
2019/4/8 19:20,32,14,37,17,12,29,8,0
2019/4/8 19:30,15,11,15,13,4,11,6,0
2019/4/8 19:40,21,10,12,8,3,7,1,0
2019/4/8 19:50,20,12,12,10,7,10,0,0
2019/4/8 20:00,9,2,6,5,4,5,4,0
2019/4/8 20:10,7,6,3,4,4,1,0,0
2019/4/8 20:20,11,9,8,7,3,1,0,0
2019/4/8 20:30,7,7,4,4,3,3,0,0
2019/4/8 20:40,8,8,2,1,4,1,0,0
2019/4/8 20:50,8,3,5,2,5,0,2,0
2019/4/8 21:00,9,3,5,2,3,0,0,0
2019/4/8 21:10,31,22,5,36,21,1,0,0
2019/4/8 21:20,25,21,4,27,12,4,0,0
2019/4/8 21:30,17,19,9,9,6,4,1,0
2019/4/8 21:40,10,12,9,13,6,3,0,0
2019/4/8 21:50,18,19,8,10,6,2,0,0
2019/4/8 22:00,32,29,9,19,17,0,0,0
2019/4/8 22:10,5,18,3,7,7,1,0,0
2019/4/8 22:20,7,13,1,8,1,1,0,0
2019/4/8 22:30,3,9,0,6,3,0,0,0
2019/4/8 22:40,4,3,1,5,4,0,0,0
2019/4/8 22:50,0,8,2,3,4,0,0,0
2019/4/8 23:00,3,0,0,5,0,0,0,0
2019/4/8 23:10,1,0,0,1,0,0,0,0
2019/4/8 23:20,1,0,0,0,0,0,0,0
2019/4/8 23:30,0,0,0,0,0,0,0,0
2019/4/8 23:40,0,0,0,0,0,0,0,0
2019/4/8 23:50,0,0,0,0,0,0,0,0
2019/4/9 0:00,0,0,0,0,0,0,0,0
2019/4/9 0:10,0,0,0,0,0,0,0,0
2019/4/9 0:20,0,0,0,0,0,0,0,0
2019/4/9 0:30,0,0,0,0,0,0,0,0
2019/4/9 0:40,0,0,0,0,0,0,0,0
2019/4/9 0:50,0,0,0,0,0,0,0,0
2019/4/9 1:00,0,0,0,0,0,0,0,0
2019/4/9 1:10,0,0,0,0,0,0,0,0
2019/4/9 1:20,0,0,0,0,0,0,0,0
2019/4/9 1:30,0,0,0,0,0,0,0,0
2019/4/9 1:40,0,0,0,0,0,0,0,0
2019/4/9 1:50,0,0,0,0,0,0,0,0
2019/4/9 2:00,0,0,0,0,0,0,0,0
2019/4/9 2:10,0,0,0,0,0,0,0,0
2019/4/9 2:20,0,0,0,0,0,0,0,0
2019/4/9 2:30,0,0,0,0,0,0,0,0
2019/4/9 2:40,0,0,0,0,0,0,0,0
2019/4/9 2:50,0,0,0,0,0,0,0,0
2019/4/9 3:00,0,0,0,0,0,0,0,0
2019/4/9 3:10,0,0,0,0,0,0,0,0
2019/4/9 3:20,0,0,0,0,0,0,0,0
2019/4/9 3:30,0,0,0,0,0,0,0,0
2019/4/9 3:40,0,0,0,0,0,0,0,0
2019/4/9 3:50,0,0,0,0,0,0,0,0
2019/4/9 4:00,0,0,0,0,0,0,0,0
2019/4/9 4:10,0,0,0,0,0,0,0,0
2019/4/9 4:20,0,0,0,0,0,0,0,0
2019/4/9 4:30,0,0,0,0,0,0,0,0
2019/4/9 4:40,0,0,0,0,0,0,0,0
2019/4/9 4:50,0,0,0,0,0,0,0,0
2019/4/9 5:00,0,0,0,0,0,0,0,0
2019/4/9 5:10,0,0,0,0,0,0,0,0
2019/4/9 5:20,0,0,0,0,0,0,0,0
2019/4/9 5:30,0,0,0,0,0,0,0,0
2019/4/9 5:40,0,0,0,0,0,0,0,0
2019/4/9 5:50,0,0,0,0,0,0,0,0
2019/4/9 6:00,0,0,0,0,0,0,0,0
2019/4/9 6:10,0,0,0,0,0,0,0,0
2019/4/9 6:20,0,0,0,0,0,0,0,0
2019/4/9 6:30,8,0,1,0,0,0,0,0
2019/4/9 6:40,13,0,10,0,0,0,0,0
2019/4/9 6:50,22,1,12,2,2,0,0,0
2019/4/9 7:00,27,3,38,8,0,0,0,0
2019/4/9 7:10,55,3,104,15,0,0,4,0
2019/4/9 7:20,179,60,187,84,10,0,5,0
2019/4/9 7:30,405,125,281,183,6,0,3,0
2019/4/9 7:40,332,114,129,160,7,0,1,0
2019/4/9 7:50,202,59,45,65,8,0,0,0
2019/4/9 8:00,41,7,30,13,0,0,0,0
2019/4/9 8:10,41,10,16,17,0,0,0,0
2019/4/9 8:20,29,3,22,7,0,0,0,0
2019/4/9 8:30,25,5,17,9,1,0,2,1
2019/4/9 8:40,20,16,18,1,1,0,0,3
2019/4/9 8:50,25,4,18,8,1,0,0,1
2019/4/9 9:00,24,4,8,8,3,0,0,2
2019/4/9 9:10,10,1,12,8,0,0,0,4
2019/4/9 9:20,15,14,22,6,1,0,0,4
2019/4/9 9:30,50,45,31,39,4,0,0,12
2019/4/9 9:40,90,56,8,41,1,0,4,14
2019/4/9 9:50,55,21,8,24,10,3,2,15
2019/4/9 10:00,11,1,6,3,3,2,0,3
2019/4/9 10:10,11,1,2,10,3,3,0,5
2019/4/9 10:20,11,0,2,7,4,10,0,5
2019/4/9 10:30,8,0,2,2,1,1,2,0
2019/4/9 10:40,3,4,2,4,0,0,1,3
2019/4/9 10:50,12,1,4,4,1,9,5,10
2019/4/9 11:00,33,2,15,11,1,25,6,10
2019/4/9 11:10,23,1,20,2,4,17,3,12
2019/4/9 11:20,47,10,27,27,2,45,22,18
2019/4/9 11:30,77,12,53,40,1,109,38,35
2019/4/9 11:40,199,21,185,96,3,247,111,62
2019/4/9 11:50,290,56,420,151,19,432,267,102
2019/4/9 12:00,116,16,266,37,7,177,209,83
2019/4/9 12:10,76,16,125,26,8,88,108,40
2019/4/9 12:20,45,9,76,17,7,64,56,40
2019/4/9 12:30,23,12,35,8,4,66,27,25
2019/4/9 12:40,23,13,14,9,3,29,15,6
2019/4/9 12:50,15,1,7,5,1,18,7,7
2019/4/9 13:00,1,6,10,2,2,13,5,0
2019/4/9 13:10,0,1,4,1,1,4,8,0
2019/4/9 13:20,1,3,1,0,2,0,7,0
2019/4/9 13:30,1,1,0,1,0,3,1,0
2019/4/9 13:40,2,4,0,0,1,0,0,0
2019/4/9 13:50,2,7,0,0,2,3,0,0
2019/4/9 14:00,0,12,0,2,5,0,0,0
2019/4/9 14:10,3,27,0,3,11,1,0,0
2019/4/9 14:20,9,11,1,5,5,0,0,0
2019/4/9 14:30,2,2,0,2,1,0,0,0
2019/4/9 14:40,0,0,0,3,0,0,0,0
2019/4/9 14:50,0,1,0,0,3,0,0,0
2019/4/9 15:00,0,0,0,0,1,0,0,1
2019/4/9 15:10,0,4,0,1,1,0,0,0
2019/4/9 15:20,0,3,0,0,0,0,0,0
2019/4/9 15:30,0,3,0,1,1,2,0,1
2019/4/9 15:40,0,0,0,0,0,0,0,0
2019/4/9 15:50,3,9,0,1,5,0,0,2
2019/4/9 16:00,2,16,0,0,6,0,1,4
2019/4/9 16:10,36,41,19,12,9,25,7,9
2019/4/9 16:20,83,51,67,31,31,70,41,36
2019/4/9 16:30,37,26,77,18,15,22,49,25
2019/4/9 16:40,24,19,43,5,4,14,22,9
2019/4/9 16:50,22,9,33,4,5,16,22,9
2019/4/9 17:00,30,18,34,11,4,16,25,15
2019/4/9 17:10,25,4,43,6,2,33,26,14
2019/4/9 17:20,40,14,28,24,3,65,30,16
2019/4/9 17:30,48,8,50,24,3,58,50,16
2019/4/9 17:40,73,13,80,25,13,84,49,23
2019/4/9 17:50,77,10,52,33,8,112,42,33
2019/4/9 18:00,164,20,130,90,14,239,70,32
2019/4/9 18:10,74,15,107,41,13,131,83,21
2019/4/9 18:20,30,11,40,21,7,54,54,13
2019/4/9 18:30,28,10,35,14,1,40,31,6
2019/4/9 18:40,13,11,30,12,7,54,16,2
2019/4/9 18:50,19,3,43,19,1,38,34,0
2019/4/9 19:00,21,9,34,11,7,37,23,0
2019/4/9 19:10,18,16,29,10,11,15,7,0
2019/4/9 19:20,11,8,6,8,3,10,6,0
2019/4/9 19:30,18,4,7,2,5,7,3,0
2019/4/9 19:40,10,3,4,6,2,6,0,0
2019/4/9 19:50,6,3,9,2,1,2,0,0
2019/4/9 20:00,7,7,7,3,4,2,0,0
2019/4/9 20:10,13,2,6,12,2,3,2,0
2019/4/9 20:20,7,4,1,7,5,1,2,0
2019/4/9 20:30,10,2,9,8,1,0,1,0
2019/4/9 20:40,8,6,4,2,1,2,1,0
2019/4/9 20:50,8,3,4,4,4,1,0,0
2019/4/9 21:00,12,18,6,4,3,1,1,0
2019/4/9 21:10,20,26,12,25,14,0,0,0
2019/4/9 21:20,38,13,8,25,15,2,2,0
2019/4/9 21:30,9,11,8,8,9,0,0,0
2019/4/9 21:40,13,8,6,12,4,1,0,0
2019/4/9 21:50,19,14,5,13,11,3,0,0
2019/4/9 22:00,41,27,4,26,14,2,0,0
2019/4/9 22:10,16,10,2,14,7,1,0,0
2019/4/9 22:20,14,6,2,13,6,0,0,0
2019/4/9 22:30,1,4,0,4,5,2,0,0
2019/4/9 22:40,1,4,0,7,3,1,0,0
2019/4/9 22:50,1,3,0,3,0,0,0,0
2019/4/9 23:00,0,3,0,2,2,0,0,0
2019/4/9 23:10,0,0,0,1,0,0,0,0
2019/4/9 23:20,0,0,4,0,0,0,0,0
2019/4/9 23:30,0,0,0,0,0,0,0,0
2019/4/9 23:40,0,0,1,0,0,0,0,0
2019/4/9 23:50,0,0,0,0,0,0,0,0
2019/4/10 0:00,267,0,0,0,0,0,0,0
2019/4/10 0:10,0,0,0,0,0,0,0,0
2019/4/10 0:20,0,0,0,0,0,0,0,0
2019/4/10 0:30,0,0,0,0,0,0,0,0
2019/4/10 0:40,0,0,0,0,0,0,0,0
2019/4/10 0:50,0,0,0,0,0,0,0,0
2019/4/10 1:00,0,0,0,0,0,0,0,0
2019/4/10 1:10,0,0,0,0,0,0,0,0
2019/4/10 1:20,0,0,0,0,0,0,0,0
2019/4/10 1:30,0,0,0,0,0,0,0,0
2019/4/10 1:40,0,0,0,0,0,0,0,0
2019/4/10 1:50,0,0,0,0,0,0,0,0
2019/4/10 2:00,0,0,0,0,0,0,0,0
2019/4/10 2:10,0,0,0,0,0,0,0,0
2019/4/10 2:20,0,0,0,0,0,0,0,0
2019/4/10 2:30,0,0,0,0,0,0,0,0
2019/4/10 2:40,0,0,0,0,0,0,0,0
2019/4/10 2:50,0,0,0,0,0,0,0,0
2019/4/10 3:00,0,0,0,0,0,0,0,0
2019/4/10 3:10,0,0,0,0,0,0,0,0
2019/4/10 3:20,0,0,0,0,0,0,0,0
2019/4/10 3:30,0,0,0,0,0,0,0,0
2019/4/10 3:40,0,0,0,0,0,0,0,0
2019/4/10 3:50,0,0,0,0,0,0,0,0
2019/4/10 4:00,0,0,0,0,0,0,0,0
2019/4/10 4:10,0,0,0,0,0,0,0,0
2019/4/10 4:20,0,0,0,0,0,0,0,0
2019/4/10 4:30,0,0,0,0,0,0,0,0
2019/4/10 4:40,0,0,0,0,0,0,0,0
2019/4/10 4:50,0,0,0,0,0,0,0,0
2019/4/10 5:00,0,0,0,0,0,0,0,0
2019/4/10 5:10,0,0,0,0,0,0,0,0
2019/4/10 5:20,0,0,0,0,0,0,0,0
2019/4/10 5:30,0,0,0,0,0,0,0,0
2019/4/10 5:40,0,0,0,0,0,0,0,0
2019/4/10 5:50,0,0,0,0,0,0,0,0
2019/4/10 6:00,0,0,0,0,0,0,0,0
2019/4/10 6:10,0,0,0,0,0,0,0,0
2019/4/10 6:20,0,0,0,0,0,0,0,0
2019/4/10 6:30,7,0,1,0,0,0,0,0
2019/4/10 6:40,10,1,6,1,0,0,0,0
2019/4/10 6:50,15,1,9,2,0,0,0,0
2019/4/10 7:00,29,2,30,1,0,0,1,0
2019/4/10 7:10,70,5,109,29,0,0,4,0
2019/4/10 7:20,158,30,239,64,0,0,7,0
2019/4/10 7:30,258,118,351,106,3,0,3,0
2019/4/10 7:40,291,159,140,168,12,0,4,0
2019/4/10 7:50,259,50,36,127,3,0,0,0
2019/4/10 8:00,53,3,31,24,0,0,0,0
2019/4/10 8:10,29,7,20,15,4,0,0,0
2019/4/10 8:20,29,1,17,20,1,0,1,0
2019/4/10 8:30,32,0,20,15,1,0,3,1
2019/4/10 8:40,21,9,15,12,1,0,2,0
2019/4/10 8:50,31,6,14,13,0,0,0,2
2019/4/10 9:00,30,2,19,18,0,1,0,4
2019/4/10 9:10,33,5,13,8,0,0,0,4
2019/4/10 9:20,40,5,13,9,2,0,0,4
2019/4/10 9:30,65,27,18,39,3,1,0,7
2019/4/10 9:40,125,46,15,56,4,0,1,13
2019/4/10 9:50,53,18,13,21,6,2,2,16
2019/4/10 10:00,3,5,8,11,3,3,0,6
2019/4/10 10:10,4,7,3,6,2,4,1,2
2019/4/10 10:20,1,2,4,3,1,0,0,2
2019/4/10 10:30,3,3,2,4,0,1,1,0
2019/4/10 10:40,7,2,3,4,1,0,0,2
2019/4/10 10:50,3,0,2,3,1,7,0,0
2019/4/10 11:00,24,2,10,2,0,20,3,9
2019/4/10 11:10,20,1,15,9,1,25,8,7
2019/4/10 11:20,34,1,16,14,4,31,29,12
2019/4/10 11:30,94,1,60,27,5,109,35,43
2019/4/10 11:40,192,5,164,86,9,258,118,64
2019/4/10 11:50,330,31,400,190,17,394,252,92
2019/4/10 12:00,154,21,298,78,16,207,238,83
2019/4/10 12:10,74,17,132,38,4,116,133,37
2019/4/10 12:20,54,16,65,20,11,65,67,29
2019/4/10 12:30,48,5,31,14,6,56,26,26
2019/4/10 12:40,17,10,28,15,9,38,7,8
2019/4/10 12:50,9,10,10,7,6,25,6,8
2019/4/10 13:00,7,1,3,4,1,15,3,0
2019/4/10 13:10,6,3,8,2,6,7,0,0
2019/4/10 13:20,1,2,3,1,3,6,0,0
2019/4/10 13:30,1,1,0,0,3,3,0,0
2019/4/10 13:40,1,4,0,3,1,1,0,0
2019/4/10 13:50,0,1,0,0,2,0,0,0
2019/4/10 14:00,1,12,0,0,2,0,0,0
2019/4/10 14:10,0,20,0,0,2,0,0,0
2019/4/10 14:20,0,9,0,0,12,0,0,0
2019/4/10 14:30,0,6,0,0,2,0,0,0
2019/4/10 14:40,1,4,0,0,3,0,0,0
2019/4/10 14:50,0,6,0,0,2,0,0,0
2019/4/10 15:00,5,1,0,5,2,64,0,0
2019/4/10 15:10,8,3,1,6,4,2,0,1
2019/4/10 15:20,2,1,1,6,4,0,0,1
2019/4/10 15:30,4,2,1,0,1,0,32,2
2019/4/10 15:40,4,3,3,0,5,6,0,1
2019/4/10 15:50,2,4,0,1,0,5,0,3
2019/4/10 16:00,7,8,2,2,3,0,1,7
2019/4/10 16:10,9,11,10,4,7,12,1,3
2019/4/10 16:20,73,54,60,34,23,92,38,35
2019/4/10 16:30,28,23,54,18,5,21,25,17
2019/4/10 16:40,20,12,24,11,6,15,15,18
2019/4/10 16:50,8,6,23,4,4,21,6,9
2019/4/10 17:00,20,10,14,9,1,17,12,3
2019/4/10 17:10,31,9,45,16,1,24,11,7
2019/4/10 17:20,53,4,53,15,4,41,28,13
2019/4/10 17:30,61,8,50,11,5,67,62,11
2019/4/10 17:40,62,11,91,31,5,79,44,12
2019/4/10 17:50,91,6,79,36,10,107,42,9
2019/4/10 18:00,147,17,88,78,16,195,78,18
2019/4/10 18:10,86,21,99,46,18,127,100,9
2019/4/10 18:20,27,15,51,24,9,84,36,3
2019/4/10 18:30,32,14,54,16,6,67,37,3
2019/4/10 18:40,21,7,54,7,7,48,14,2
2019/4/10 18:50,24,11,40,7,5,53,27,2
2019/4/10 19:00,23,20,44,7,2,49,22,0
2019/4/10 19:10,31,18,32,11,9,40,5,0
2019/4/10 19:20,27,16,11,11,1,29,4,0
2019/4/10 19:30,17,7,11,5,3,16,3,0
2019/4/10 19:40,17,7,5,11,5,7,2,0
2019/4/10 19:50,10,2,2,5,1,3,1,0
2019/4/10 20:00,14,3,2,3,3,1,0,0
2019/4/10 20:10,13,6,6,3,4,3,0,0
2019/4/10 20:20,14,5,3,1,1,3,0,0
2019/4/10 20:30,13,3,1,8,2,1,0,0
2019/4/10 20:40,6,2,4,2,4,0,0,0
2019/4/10 20:50,11,2,4,10,0,2,0,0
2019/4/10 21:00,12,11,5,14,7,1,0,0
2019/4/10 21:10,41,13,8,29,11,8,0,0
2019/4/10 21:20,52,21,12,38,32,10,0,0
2019/4/10 21:30,16,12,2,10,6,6,0,0
2019/4/10 21:40,18,19,4,21,5,4,1,0
2019/4/10 21:50,22,22,3,21,11,3,0,0
2019/4/10 22:00,46,23,9,40,8,2,0,0
2019/4/10 22:10,14,17,2,17,3,0,0,0
2019/4/10 22:20,9,6,0,9,1,1,0,0
2019/4/10 22:30,7,4,0,8,3,2,0,0
2019/4/10 22:40,1,6,0,6,2,0,0,0
2019/4/10 22:50,0,2,0,2,3,0,0,0
2019/4/10 23:00,0,0,0,4,3,0,0,0
2019/4/10 23:10,0,1,0,0,0,0,0,0
2019/4/10 23:20,0,0,0,0,0,0,0,0
2019/4/10 23:30,0,0,0,0,0,0,0,0
2019/4/10 23:40,0,0,0,0,0,0,0,0
2019/4/10 23:50,0,0,0,0,0,0,0,0
2019/4/11 0:00,0,0,0,0,0,0,0,0
2019/4/11 0:10,0,0,0,0,0,0,0,0
2019/4/11 0:20,0,0,0,0,0,0,0,0
2019/4/11 0:30,0,0,0,0,0,0,0,0
2019/4/11 0:40,0,0,0,0,0,0,0,0
2019/4/11 0:50,0,0,0,0,0,0,0,0
2019/4/11 1:00,0,0,0,0,0,0,0,0
2019/4/11 1:10,0,0,0,0,0,0,0,0
2019/4/11 1:20,0,0,0,0,0,0,0,0
2019/4/11 1:30,0,0,0,0,0,0,0,0
2019/4/11 1:40,0,0,0,0,0,0,0,0
2019/4/11 1:50,0,0,0,0,0,0,0,0
2019/4/11 2:00,0,0,0,0,0,0,0,0
2019/4/11 2:10,0,0,0,0,0,0,0,0
2019/4/11 2:20,0,0,0,0,0,0,0,0
2019/4/11 2:30,0,0,0,0,0,0,0,0
2019/4/11 2:40,0,0,0,0,0,0,0,0
2019/4/11 2:50,0,0,0,0,0,0,0,0
2019/4/11 3:00,0,0,0,0,0,0,0,0
2019/4/11 3:10,0,0,0,0,0,0,0,0
2019/4/11 3:20,0,0,0,0,0,0,0,0
2019/4/11 3:30,0,0,0,0,0,0,0,0
2019/4/11 3:40,0,0,0,0,0,0,0,0
2019/4/11 3:50,0,0,0,0,0,0,0,0
2019/4/11 4:00,0,0,0,0,0,0,0,0
2019/4/11 4:10,0,0,0,0,0,0,0,0
2019/4/11 4:20,0,0,0,0,0,0,0,0
2019/4/11 4:30,0,0,0,0,0,0,0,0
2019/4/11 4:40,0,0,0,0,0,0,0,0
2019/4/11 4:50,0,0,0,0,0,0,0,0
2019/4/11 5:00,0,0,0,0,0,0,0,0
2019/4/11 5:10,0,0,0,0,0,0,0,0
2019/4/11 5:20,0,0,0,0,0,0,0,0
2019/4/11 5:30,0,0,0,0,0,0,0,0
2019/4/11 5:40,0,0,0,0,0,0,0,0
2019/4/11 5:50,0,0,0,0,0,0,0,0
2019/4/11 6:00,0,0,0,0,0,0,0,0
2019/4/11 6:10,0,0,0,0,0,0,0,0
2019/4/11 6:20,3,0,0,0,0,0,0,0
2019/4/11 6:30,4,0,7,0,0,0,0,0
2019/4/11 6:40,13,0,10,0,0,0,0,0
2019/4/11 6:50,10,0,9,1,0,0,0,0
2019/4/11 7:00,26,0,26,7,0,0,1,0
2019/4/11 7:10,45,12,101,10,0,0,1,0
2019/4/11 7:20,218,65,217,83,2,0,2,0
2019/4/11 7:30,407,108,297,164,3,0,6,0
2019/4/11 7:40,311,132,145,125,7,0,5,0
2019/4/11 7:50,227,24,28,94,7,0,0,0
2019/4/11 8:00,40,7,41,12,2,0,0,0
2019/4/11 8:10,28,6,18,14,0,0,0,0
2019/4/11 8:20,42,2,20,12,0,0,0,1
2019/4/11 8:30,29,4,13,10,2,0,1,2
2019/4/11 8:40,15,6,9,10,0,0,0,2
2019/4/11 8:50,29,2,16,9,0,0,0,2
2019/4/11 9:00,17,0,18,8,0,0,0,2
2019/4/11 9:10,20,2,16,7,2,0,1,3
2019/4/11 9:20,12,13,17,5,0,0,1,5
2019/4/11 9:30,67,41,23,14,5,0,0,10
2019/4/11 9:40,118,53,11,47,6,0,0,16
2019/4/11 9:50,64,36,11,48,13,8,2,30
2019/4/11 10:00,7,10,8,12,2,4,3,7
2019/4/11 10:10,8,2,7,8,1,1,0,5
2019/4/11 10:20,3,0,1,3,2,0,1,1
2019/4/11 10:30,1,3,2,2,0,2,6,2
2019/4/11 10:40,1,1,13,0,0,0,5,2
2019/4/11 10:50,6,2,6,2,0,4,4,3
2019/4/11 11:00,19,3,12,13,1,12,11,13
2019/4/11 11:10,26,2,12,13,2,24,20,8
2019/4/11 11:20,45,3,37,22,3,46,25,17
2019/4/11 11:30,91,3,46,35,4,116,43,41
2019/4/11 11:40,195,10,123,106,5,195,82,47
2019/4/11 11:50,286,40,379,166,11,447,231,97
2019/4/11 12:00,99,21,228,50,11,203,158,74
2019/4/11 12:10,93,22,108,39,6,130,103,57
2019/4/11 12:20,51,11,58,29,9,90,66,28
2019/4/11 12:30,28,21,34,14,5,58,36,40
2019/4/11 12:40,13,9,23,8,5,45,21,12
2019/4/11 12:50,4,9,14,5,10,18,11,7
2019/4/11 13:00,3,11,16,3,3,14,9,0
2019/4/11 13:10,1,8,3,2,4,6,1,0
2019/4/11 13:20,0,2,4,0,0,13,0,0
2019/4/11 13:30,0,4,2,1,0,2,0,0
2019/4/11 13:40,2,8,2,0,3,1,0,0
2019/4/11 13:50,1,4,2,1,1,1,0,0
2019/4/11 14:00,1,6,0,1,5,2,0,0
2019/4/11 14:10,0,9,0,0,1,0,0,0
2019/4/11 14:20,3,8,0,3,8,1,0,0
2019/4/11 14:30,0,5,0,2,3,0,0,0
2019/4/11 14:40,2,11,0,1,5,2,0,0
2019/4/11 14:50,1,4,0,1,3,3,0,0
2019/4/11 15:00,0,6,0,2,6,1,0,4
2019/4/11 15:10,3,7,0,0,3,2,0,2
2019/4/11 15:20,0,5,0,1,2,0,0,0
2019/4/11 15:30,0,5,0,1,0,4,0,1
2019/4/11 15:40,1,8,1,2,3,2,0,2
2019/4/11 15:50,0,13,2,2,5,5,0,5
2019/4/11 16:00,6,25,10,4,10,11,2,11
2019/4/11 16:10,8,8,8,3,3,10,2,6
2019/4/11 16:20,8,4,5,4,7,9,3,6
2019/4/11 16:30,12,4,7,8,9,8,7,8
2019/4/11 16:40,11,12,6,5,11,18,6,5
2019/4/11 16:50,14,10,11,8,5,14,27,8
2019/4/11 17:00,19,9,30,12,6,39,23,12
2019/4/11 17:10,23,15,67,10,4,49,37,16
2019/4/11 17:20,61,14,50,17,12,78,42,18
2019/4/11 17:30,68,16,64,29,6,91,74,30
2019/4/11 17:40,100,22,79,38,8,102,84,31
2019/4/11 17:50,74,18,97,28,5,87,69,30
2019/4/11 18:00,61,21,70,23,6,123,50,21
2019/4/11 18:10,34,16,34,20,9,74,26,6
2019/4/11 18:20,26,24,51,17,22,108,53,4
2019/4/11 18:30,26,20,39,13,7,61,41,8
2019/4/11 18:40,29,11,37,13,4,50,25,4
2019/4/11 18:50,23,16,43,3,10,64,30,2
2019/4/11 19:00,27,23,60,7,4,61,31,0
2019/4/11 19:10,26,28,28,7,12,35,9,0
2019/4/11 19:20,13,11,16,4,6,23,6,0
2019/4/11 19:30,18,12,10,6,2,15,3,0
2019/4/11 19:40,14,9,3,4,3,15,4,0
2019/4/11 19:50,10,8,7,0,0,5,4,0
2019/4/11 20:00,16,9,6,0,3,11,0,0
2019/4/11 20:10,24,5,8,0,1,2,1,0
2019/4/11 20:20,10,4,6,1,4,3,1,0
2019/4/11 20:30,13,4,3,0,4,0,0,0
2019/4/11 20:40,4,6,0,1,2,1,0,0
2019/4/11 20:50,13,11,2,0,3,1,0,0
2019/4/11 21:00,12,7,4,3,3,0,0,0
2019/4/11 21:10,19,22,5,0,6,3,0,0
2019/4/11 21:20,28,21,6,0,5,0,0,0
2019/4/11 21:30,21,14,5,2,13,1,0,0
2019/4/11 21:40,21,14,7,0,11,1,0,0
2019/4/11 21:50,25,26,8,2,9,1,0,0
2019/4/11 22:00,28,33,14,0,11,3,0,0
2019/4/11 22:10,11,12,7,1,11,0,0,0
2019/4/11 22:20,10,7,1,1,4,1,0,0
2019/4/11 22:30,6,3,1,0,4,0,0,0
2019/4/11 22:40,4,10,0,0,1,2,0,0
2019/4/11 22:50,1,8,0,0,4,0,0,0
2019/4/11 23:00,0,2,0,0,0,0,0,0
2019/4/11 23:10,0,0,0,0,0,0,0,0
2019/4/11 23:20,0,0,0,0,0,0,0,0
2019/4/11 23:30,0,0,0,0,0,0,0,0
2019/4/11 23:40,0,0,0,0,0,0,0,0
2019/4/11 23:50,0,0,0,0,0,0,0,0
2019/4/12 0:00,475,0,0,0,0,0,130,0
2019/4/12 0:10,0,0,0,0,0,0,0,0
2019/4/12 0:20,0,0,0,0,0,0,0,0
2019/4/12 0:30,0,0,0,0,0,0,0,0
2019/4/12 0:40,0,0,0,0,0,0,0,0
2019/4/12 0:50,0,0,0,0,0,0,0,0
2019/4/12 1:00,0,0,0,0,0,0,0,0
2019/4/12 1:10,0,0,0,0,0,0,0,0
2019/4/12 1:20,0,0,0,0,0,0,0,0
2019/4/12 1:30,0,0,0,0,0,0,0,0
2019/4/12 1:40,0,0,0,0,0,0,0,0
2019/4/12 1:50,0,0,0,0,0,0,0,0
2019/4/12 2:00,0,0,0,0,0,0,0,0
2019/4/12 2:10,0,0,0,0,0,0,0,0
2019/4/12 2:20,0,0,0,0,0,0,0,0
2019/4/12 2:30,0,0,0,0,0,0,0,0
2019/4/12 2:40,0,0,0,0,0,0,0,0
2019/4/12 2:50,0,0,0,0,0,0,0,0
2019/4/12 3:00,0,0,0,0,0,0,0,0
2019/4/12 3:10,0,0,0,0,0,0,0,0
2019/4/12 3:20,0,0,0,0,0,0,0,0
2019/4/12 3:30,0,0,0,0,0,0,0,0
2019/4/12 3:40,0,0,0,0,0,0,0,0
2019/4/12 3:50,0,0,0,0,0,0,0,0
2019/4/12 4:00,0,0,0,0,0,0,0,0
2019/4/12 4:10,0,0,0,0,0,0,0,0
2019/4/12 4:20,0,0,0,0,0,0,0,0
2019/4/12 4:30,0,0,0,0,0,0,0,0
2019/4/12 4:40,0,0,0,0,0,0,0,0
2019/4/12 4:50,0,0,0,0,0,0,0,0
2019/4/12 5:00,0,0,0,0,0,0,0,0
2019/4/12 5:10,0,0,0,0,0,0,0,0
2019/4/12 5:20,0,0,0,0,0,0,0,0
2019/4/12 5:30,0,0,0,0,0,0,0,0
2019/4/12 5:40,0,0,0,0,0,0,0,0
2019/4/12 5:50,0,0,0,0,0,0,0,0
2019/4/12 6:00,0,0,0,1,0,0,0,0
2019/4/12 6:10,0,0,0,0,0,0,0,0
2019/4/12 6:20,0,0,0,0,0,0,0,0
2019/4/12 6:30,3,1,3,0,0,0,0,0
2019/4/12 6:40,15,1,4,0,0,0,0,0
2019/4/12 6:50,14,1,8,0,1,0,0,0
2019/4/12 7:00,24,1,32,0,1,0,1,0
2019/4/12 7:10,46,4,83,3,1,0,4,0
2019/4/12 7:20,139,21,191,6,1,0,3,0
2019/4/12 7:30,278,92,256,24,7,0,0,0
2019/4/12 7:40,285,113,121,24,4,0,1,0
2019/4/12 7:50,214,37,30,22,8,0,0,0
2019/4/12 8:00,51,6,40,6,2,0,1,0
2019/4/12 8:10,53,7,21,4,0,0,1,0
2019/4/12 8:20,44,1,21,5,3,0,0,0
2019/4/12 8:30,39,5,13,4,1,0,3,3
2019/4/12 8:40,32,10,21,1,2,0,0,3
2019/4/12 8:50,44,7,26,2,0,0,0,5
2019/4/12 9:00,38,3,9,7,2,0,0,5
2019/4/12 9:10,32,2,12,4,3,0,1,5
2019/4/12 9:20,23,6,28,2,2,0,0,1
2019/4/12 9:30,61,22,32,8,4,0,1,8
2019/4/12 9:40,85,65,19,9,0,0,0,15
2019/4/12 9:50,45,34,22,6,1,5,0,20
2019/4/12 10:00,19,13,17,9,1,5,1,6
2019/4/12 10:10,4,7,11,5,0,3,1,2
2019/4/12 10:20,1,3,6,1,3,0,0,1
2019/4/12 10:30,9,0,9,1,1,1,4,7
2019/4/12 10:40,11,5,5,3,1,2,5,3
2019/4/12 10:50,11,4,15,0,2,2,8,4
2019/4/12 11:00,7,2,23,4,0,9,6,10
2019/4/12 11:10,20,0,15,12,1,34,18,9
2019/4/12 11:20,56,2,43,19,4,61,47,19
2019/4/12 11:30,109,7,68,35,8,93,45,30
2019/4/12 11:40,171,15,156,71,10,155,96,57
2019/4/12 11:50,295,39,331,105,17,370,195,86
2019/4/12 12:00,90,20,188,48,12,140,156,37
2019/4/12 12:10,93,16,77,40,10,139,60,35
2019/4/12 12:20,64,20,59,20,4,77,28,33
2019/4/12 12:30,34,5,30,17,4,64,29,16
2019/4/12 12:40,24,14,37,15,10,37,18,9
2019/4/12 12:50,21,9,14,12,4,29,10,14
2019/4/12 13:00,4,5,13,5,6,21,3,0
2019/4/12 13:10,3,5,3,3,8,14,3,0
2019/4/12 13:20,1,4,4,0,5,4,0,0
2019/4/12 13:30,0,3,1,4,3,1,0,0
2019/4/12 13:40,0,6,0,4,1,0,0,0
2019/4/12 13:50,0,1,0,0,1,0,0,0
2019/4/12 14:00,0,8,0,0,1,0,0,0
2019/4/12 14:10,0,21,0,0,7,0,0,0
2019/4/12 14:20,0,10,0,0,7,0,0,0
2019/4/12 14:30,0,7,0,0,4,0,0,0
2019/4/12 14:40,0,4,0,0,1,0,0,0
2019/4/12 14:50,0,1,0,0,0,0,0,0
2019/4/12 15:00,0,2,693,0,3,5,250,0
2019/4/12 15:10,7,1,0,5,2,2,0,2
2019/4/12 15:20,4,5,1,2,4,4,4,3
2019/4/12 15:30,8,2,1,3,0,2,0,1
2019/4/12 15:40,3,2,2,1,1,6,0,0
2019/4/12 15:50,4,5,0,1,4,1,1,1
2019/4/12 16:00,7,9,1,1,6,0,2,5
2019/4/12 16:10,4,17,9,2,9,13,0,9
2019/4/12 16:20,56,50,35,19,20,51,18,25
2019/4/12 16:30,20,24,34,6,12,13,14,16
2019/4/12 16:40,20,18,17,10,5,23,13,16
2019/4/12 16:50,8,12,17,8,3,15,12,7
2019/4/12 17:00,20,4,34,6,0,16,24,8
2019/4/12 17:10,32,8,25,18,4,19,25,19
2019/4/12 17:20,53,7,46,24,10,37,39,18
2019/4/12 17:30,42,9,56,32,7,62,59,23
2019/4/12 17:40,56,17,49,22,10,57,56,12
2019/4/12 17:50,59,8,32,26,8,62,59,11
2019/4/12 18:00,60,13,39,14,15,78,42,12
2019/4/12 18:10,72,15,36,23,8,78,35,8
2019/4/12 18:20,25,12,36,19,4,77,34,12
2019/4/12 18:30,34,3,36,18,7,59,22,9
2019/4/12 18:40,24,11,33,9,4,71,29,2
2019/4/12 18:50,18,8,31,7,6,52,16,1
2019/4/12 19:00,18,10,21,6,7,42,18,0
2019/4/12 19:10,19,6,19,4,5,47,19,0
2019/4/12 19:20,19,7,13,4,8,11,5,0
2019/4/12 19:30,10,9,14,4,5,8,5,0
2019/4/12 19:40,17,5,13,4,3,16,0,0
2019/4/12 19:50,25,4,8,3,6,6,1,0
2019/4/12 20:00,17,2,3,11,4,8,0,0
2019/4/12 20:10,13,4,11,7,3,8,1,0
2019/4/12 20:20,10,6,7,10,9,3,0,0
2019/4/12 20:30,13,8,2,6,3,1,2,0
2019/4/12 20:40,22,10,1,3,5,6,0,0
2019/4/12 20:50,8,14,1,5,3,1,0,0
2019/4/12 21:00,12,6,7,4,4,0,2,0
2019/4/12 21:10,25,8,5,4,6,2,0,0
2019/4/12 21:20,26,17,4,13,9,0,0,0
2019/4/12 21:30,18,13,8,12,6,3,0,0
2019/4/12 21:40,18,12,11,16,2,1,0,0
2019/4/12 21:50,17,8,3,12,10,1,0,0
2019/4/12 22:00,26,20,5,24,4,1,0,0
2019/4/12 22:10,16,18,4,18,11,2,0,0
2019/4/12 22:20,9,8,2,3,8,2,0,0
2019/4/12 22:30,9,13,0,6,5,0,0,0
2019/4/12 22:40,5,8,0,6,5,1,0,0
2019/4/12 22:50,3,4,1,0,9,0,0,0
2019/4/12 23:00,0,2,0,0,1,0,0,0
2019/4/12 23:10,0,0,0,0,0,1,0,0
2019/4/12 23:20,0,0,0,0,0,0,0,0
2019/4/12 23:30,0,0,1,0,0,0,0,0
2019/4/12 23:40,0,0,0,0,0,0,0,0
2019/4/12 23:50,0,0,0,0,0,0,0,0
2019/4/13 0:00,0,0,0,0,0,0,0,0
2019/4/13 0:10,0,0,0,0,0,0,0,0
2019/4/13 0:20,0,0,0,0,0,0,0,0
2019/4/13 0:30,0,0,0,0,0,0,0,0
2019/4/13 0:40,0,0,0,0,0,0,0,0
2019/4/13 0:50,0,0,1,0,0,0,0,0
2019/4/13 1:00,0,0,0,0,0,0,0,0
2019/4/13 1:10,0,0,0,0,0,0,0,0
2019/4/13 1:20,0,0,0,0,0,0,0,0
2019/4/13 1:30,0,0,0,0,0,0,0,0
2019/4/13 1:40,0,0,0,0,0,0,0,0
2019/4/13 1:50,0,0,0,0,0,0,0,0
2019/4/13 2:00,0,0,0,0,0,0,0,0
2019/4/13 2:10,0,0,0,0,0,0,0,0
2019/4/13 2:20,0,0,0,0,0,0,0,0
2019/4/13 2:30,0,0,0,0,0,0,0,0
2019/4/13 2:40,0,0,0,0,0,0,0,0
2019/4/13 2:50,0,0,0,0,0,0,0,0
2019/4/13 3:00,0,0,0,0,0,0,0,0
2019/4/13 3:10,0,0,0,0,0,0,0,0
2019/4/13 3:20,0,0,0,0,0,0,0,0
2019/4/13 3:30,0,0,0,0,0,0,0,0
2019/4/13 3:40,0,0,0,0,0,0,0,0
2019/4/13 3:50,0,0,0,0,0,0,0,0
2019/4/13 4:00,0,0,0,0,0,0,0,0
2019/4/13 4:10,0,0,0,0,0,0,0,0
2019/4/13 4:20,0,0,0,0,0,0,0,0
2019/4/13 4:30,0,0,0,0,0,0,0,0
2019/4/13 4:40,0,0,0,0,0,0,0,0
2019/4/13 4:50,0,0,0,0,0,0,0,0
2019/4/13 5:00,0,0,0,0,0,0,0,0
2019/4/13 5:10,0,0,0,0,0,0,0,0
2019/4/13 5:20,0,0,0,0,0,0,0,0
2019/4/13 5:30,0,0,0,0,0,0,0,0
2019/4/13 5:40,0,0,0,0,0,0,0,0
2019/4/13 5:50,0,0,0,0,0,0,0,0
2019/4/13 6:00,0,0,0,0,0,0,0,0
2019/4/13 6:10,1,0,0,0,0,0,0,0
2019/4/13 6:20,8,0,0,0,0,0,0,0
2019/4/13 6:30,9,0,0,0,0,0,0,0
2019/4/13 6:40,13,0,0,0,0,0,0,0
2019/4/13 6:50,24,0,20,0,0,0,0,0
2019/4/13 7:00,29,2,70,0,0,0,0,0
2019/4/13 7:10,35,9,61,4,2,0,1,0
2019/4/13 7:20,44,11,69,3,1,0,0,0
2019/4/13 7:30,42,8,49,5,0,0,1,0
2019/4/13 7:40,67,10,36,6,2,0,2,0
2019/4/13 7:50,66,4,26,11,1,0,1,0
2019/4/13 8:00,51,6,26,10,1,0,1,0
2019/4/13 8:10,38,10,27,8,0,0,0,0
2019/4/13 8:20,42,7,29,20,4,0,1,0
2019/4/13 8:30,36,6,38,4,1,0,0,0
2019/4/13 8:40,47,9,38,11,3,0,5,0
2019/4/13 8:50,47,17,27,9,5,0,1,0
2019/4/13 9:00,57,8,16,5,7,0,1,0
2019/4/13 9:10,51,5,13,7,13,0,3,0
2019/4/13 9:20,40,7,24,4,3,0,0,0
2019/4/13 9:30,30,8,22,1,0,0,0,1
2019/4/13 9:40,26,9,12,1,0,0,2,1
2019/4/13 9:50,23,3,9,3,1,0,0,0
2019/4/13 10:00,17,3,4,3,1,2,1,0
2019/4/13 10:10,8,4,9,2,1,2,0,0
2019/4/13 10:20,12,3,11,5,2,0,1,0
2019/4/13 10:30,8,5,17,2,0,0,6,2
2019/4/13 10:40,7,2,11,9,0,3,9,3
2019/4/13 10:50,33,4,4,6,2,25,9,3
2019/4/13 11:00,16,4,23,6,3,18,9,1
2019/4/13 11:10,39,1,39,13,3,23,22,1
2019/4/13 11:20,54,5,39,15,1,48,50,3
2019/4/13 11:30,64,5,85,23,5,60,35,0
2019/4/13 11:40,57,7,72,24,2,64,74,0
2019/4/13 11:50,61,8,53,28,3,82,50,0
2019/4/13 12:00,54,9,38,24,3,72,25,12
2019/4/13 12:10,62,11,36,19,7,76,40,4
2019/4/13 12:20,33,13,32,18,1,64,20,7
2019/4/13 12:30,25,4,21,7,12,50,17,2
2019/4/13 12:40,15,3,13,5,9,30,12,0
2019/4/13 12:50,14,6,12,9,0,11,4,1
2019/4/13 13:00,4,5,1,4,1,10,3,0
2019/4/13 13:10,1,4,2,1,0,11,3,0
2019/4/13 13:20,0,7,1,1,2,10,1,0
2019/4/13 13:30,4,1,0,0,2,3,0,0
2019/4/13 13:40,3,4,0,0,4,2,1,0
2019/4/13 13:50,2,5,0,1,1,3,1,0
2019/4/13 14:00,3,2,1,0,0,5,0,0
2019/4/13 14:10,5,5,0,2,1,4,0,0
2019/4/13 14:20,2,2,0,1,6,4,0,0
2019/4/13 14:30,0,6,0,2,2,0,0,0
2019/4/13 14:40,1,1,0,3,3,1,0,0
2019/4/13 14:50,0,4,1,1,1,0,0,0
2019/4/13 15:00,0,5,0,2,2,2,0,0
2019/4/13 15:10,0,5,0,0,2,0,0,0
2019/4/13 15:20,3,1,1,2,8,1,0,0
2019/4/13 15:30,3,5,2,1,3,1,0,0
2019/4/13 15:40,1,9,0,0,0,1,0,0
2019/4/13 15:50,1,3,0,0,3,1,1,1
2019/4/13 16:00,1,2,2,1,6,1,1,0
2019/4/13 16:10,1,1,4,1,1,1,0,0
2019/4/13 16:20,5,2,4,5,2,1,0,1
2019/4/13 16:30,7,7,9,3,0,3,1,0
2019/4/13 16:40,3,3,10,1,2,6,7,1
2019/4/13 16:50,7,8,9,2,1,13,7,2
2019/4/13 17:00,8,1,19,5,5,21,15,1
2019/4/13 17:10,16,12,15,8,7,29,16,1
2019/4/13 17:20,25,7,29,7,9,30,11,1
2019/4/13 17:30,34,11,40,9,4,49,30,3
2019/4/13 17:40,48,6,56,19,11,74,45,10
2019/4/13 17:50,45,9,36,14,5,81,29,8
2019/4/13 18:00,30,8,43,17,4,45,37,0
2019/4/13 18:10,45,11,29,22,10,64,15,0
2019/4/13 18:20,37,10,36,21,7,64,29,0
2019/4/13 18:30,23,18,25,7,11,41,13,0
2019/4/13 18:40,10,1,32,8,3,51,17,0
2019/4/13 18:50,11,6,27,8,6,33,13,0
2019/4/13 19:00,14,6,33,6,7,23,11,0
2019/4/13 19:10,19,9,14,6,6,15,11,0
2019/4/13 19:20,14,5,15,9,4,19,11,0
2019/4/13 19:30,14,3,7,3,6,7,3,0
2019/4/13 19:40,16,6,7,6,7,3,10,0
2019/4/13 19:50,21,5,9,3,2,15,6,0
2019/4/13 20:00,13,5,8,10,4,5,1,0
2019/4/13 20:10,4,3,7,5,1,1,0,0
2019/4/13 20:20,15,5,9,2,3,3,3,0
2019/4/13 20:30,14,5,3,7,6,0,0,0
2019/4/13 20:40,6,10,4,6,2,0,1,0
2019/4/13 20:50,11,3,3,4,0,0,0,0
2019/4/13 21:00,11,4,7,5,3,1,0,0
2019/4/13 21:10,7,3,1,4,4,3,0,0
2019/4/13 21:20,1,4,3,2,6,0,0,0
2019/4/13 21:30,8,2,3,8,2,1,2,0
2019/4/13 21:40,6,5,2,6,1,1,0,0
2019/4/13 21:50,6,6,1,5,1,0,0,0
2019/4/13 22:00,9,9,3,5,6,0,0,0
2019/4/13 22:10,7,3,1,4,4,0,1,0
2019/4/13 22:20,7,4,2,7,6,1,0,0
2019/4/13 22:30,1,4,0,2,3,3,0,0
2019/4/13 22:40,0,3,0,2,3,0,0,0
2019/4/13 22:50,2,7,0,0,3,0,0,0
2019/4/13 23:00,2,4,0,0,0,0,0,0
2019/4/13 23:10,0,0,0,0,0,0,0,0
2019/4/13 23:20,0,0,0,0,0,0,0,0
2019/4/13 23:30,0,0,0,0,0,0,0,0
2019/4/13 23:40,0,0,0,0,0,0,0,0
2019/4/13 23:50,0,0,0,0,0,0,0,0
2019/4/14 0:00,0,0,0,0,0,0,0,0
2019/4/14 0:10,0,0,0,0,0,0,0,0
2019/4/14 0:20,0,0,0,0,0,0,0,0
2019/4/14 0:30,0,0,0,0,0,0,0,0
2019/4/14 0:40,0,0,0,0,0,0,0,0
2019/4/14 0:50,0,0,0,0,0,0,0,0
2019/4/14 1:00,0,0,0,0,0,0,0,0
2019/4/14 1:10,0,0,0,0,0,0,0,0
2019/4/14 1:20,0,0,0,0,0,0,0,0
2019/4/14 1:30,0,0,0,0,0,0,0,0
2019/4/14 1:40,0,0,0,0,0,0,0,0
2019/4/14 1:50,0,0,0,0,0,0,0,0
2019/4/14 2:00,0,0,0,0,0,0,0,0
2019/4/14 2:10,0,0,0,0,0,0,0,0
2019/4/14 2:20,0,0,0,0,0,0,0,0
2019/4/14 2:30,0,0,0,0,0,0,0,0
2019/4/14 2:40,0,0,0,0,0,0,0,0
2019/4/14 2:50,0,0,0,0,0,0,0,0
2019/4/14 3:00,0,0,0,0,0,0,0,0
2019/4/14 3:10,0,0,0,0,0,0,0,0
2019/4/14 3:20,0,0,0,0,0,0,0,0
2019/4/14 3:30,0,0,0,0,0,0,0,0
2019/4/14 3:40,0,0,0,0,0,0,0,0
2019/4/14 3:50,0,0,0,0,0,0,0,0
2019/4/14 4:00,0,0,0,0,0,0,0,0
2019/4/14 4:10,0,0,0,0,0,0,0,0
2019/4/14 4:20,0,0,0,0,0,0,0,0
2019/4/14 4:30,0,0,0,0,0,0,0,0
2019/4/14 4:40,0,0,0,0,0,0,0,0
2019/4/14 4:50,0,0,0,0,0,0,0,0
2019/4/14 5:00,0,0,0,0,0,0,0,0
2019/4/14 5:10,0,0,0,0,0,0,0,0
2019/4/14 5:20,0,0,0,0,0,0,0,0
2019/4/14 5:30,0,0,0,0,0,0,0,0
2019/4/14 5:40,0,0,0,0,0,0,0,0
2019/4/14 5:50,0,0,0,0,0,0,0,0
2019/4/14 6:00,0,0,0,0,0,0,0,0
2019/4/14 6:10,0,0,0,0,0,0,0,0
2019/4/14 6:20,0,0,0,0,0,0,0,0
2019/4/14 6:30,7,0,2,0,0,0,0,0
2019/4/14 6:40,9,0,11,0,0,0,0,0
2019/4/14 6:50,6,0,14,0,0,0,0,0
2019/4/14 7:00,21,1,41,1,1,0,0,0
2019/4/14 7:10,18,1,38,0,2,0,1,0
2019/4/14 7:20,35,1,65,3,0,0,0,0
2019/4/14 7:30,45,7,45,0,1,0,0,0
2019/4/14 7:40,53,15,40,3,0,0,1,0
2019/4/14 7:50,31,12,17,4,1,0,0,0
2019/4/14 8:00,38,0,22,4,4,0,1,0
2019/4/14 8:10,26,2,19,7,0,0,1,0
2019/4/14 8:20,27,3,21,1,0,0,1,0
2019/4/14 8:30,30,1,30,4,1,0,0,0
2019/4/14 8:40,32,5,26,3,1,0,0,0
2019/4/14 8:50,40,8,15,5,1,0,0,0
2019/4/14 9:00,48,2,13,11,0,0,1,0
2019/4/14 9:10,34,4,9,7,1,0,0,7
2019/4/14 9:20,37,3,7,4,1,0,0,3
2019/4/14 9:30,35,4,16,1,0,0,0,4
2019/4/14 9:40,26,5,15,8,1,0,2,0
2019/4/14 9:50,14,3,6,3,1,0,5,3
2019/4/14 10:00,11,2,10,5,2,2,1,0
2019/4/14 10:10,6,5,8,0,1,3,5,0
2019/4/14 10:20,12,2,5,5,3,1,1,0
2019/4/14 10:30,5,2,11,2,0,0,8,0
2019/4/14 10:40,13,6,18,6,4,5,4,0
2019/4/14 10:50,11,3,22,8,2,5,5,0
2019/4/14 11:00,11,0,20,3,3,14,11,7
2019/4/14 11:10,26,4,41,3,3,39,18,19
2019/4/14 11:20,40,4,35,17,0,50,32,22
2019/4/14 11:30,66,4,53,17,5,66,35,18
2019/4/14 11:40,67,11,61,29,7,79,53,33
2019/4/14 11:50,75,7,68,21,7,104,66,37
2019/4/14 12:00,62,7,65,25,5,97,51,20
2019/4/14 12:10,46,6,50,24,11,81,40,10
2019/4/14 12:20,31,11,41,16,9,53,30,0
2019/4/14 12:30,28,5,26,12,7,31,10,0
2019/4/14 12:40,13,7,17,6,5,17,21,6
2019/4/14 12:50,5,8,11,4,8,22,5,7
2019/4/14 13:00,4,2,5,2,3,26,4,2
2019/4/14 13:10,2,4,6,3,2,10,2,0
2019/4/14 13:20,2,5,2,1,2,1,1,0
2019/4/14 13:30,0,7,2,3,1,6,0,0
2019/4/14 13:40,1,0,1,2,4,1,2,0
2019/4/14 13:50,7,5,0,4,1,10,0,0
2019/4/14 14:00,1,0,0,0,2,0,2,0
2019/4/14 14:10,2,3,0,1,1,0,1,0
2019/4/14 14:20,0,6,0,2,4,0,0,0
2019/4/14 14:30,0,3,0,0,4,0,0,0
2019/4/14 14:40,0,3,1,1,1,0,0,0
2019/4/14 14:50,0,2,0,0,1,3,0,0
2019/4/14 15:00,0,8,1,1,4,2,0,0
2019/4/14 15:10,0,0,0,2,3,1,0,0
2019/4/14 15:20,0,5,0,0,5,0,0,2
2019/4/14 15:30,0,2,0,2,2,0,0,0
2019/4/14 15:40,1,3,1,1,1,2,0,5
2019/4/14 15:50,2,3,0,0,3,1,0,0
2019/4/14 16:00,0,1,1,0,3,0,0,2
2019/4/14 16:10,0,1,0,0,6,2,0,9
2019/4/14 16:20,0,3,1,0,0,4,1,4
2019/4/14 16:30,2,6,8,3,2,2,2,5
2019/4/14 16:40,4,3,5,1,6,5,1,8
2019/4/14 16:50,7,1,8,1,1,4,2,8
2019/4/14 17:00,19,4,19,5,2,11,11,7
2019/4/14 17:10,23,7,15,2,5,11,18,11
2019/4/14 17:20,30,4,43,9,6,20,31,13
2019/4/14 17:30,30,13,39,20,10,74,23,10
2019/4/14 17:40,48,8,42,23,10,68,36,8
2019/4/14 17:50,48,7,30,23,7,35,23,0
2019/4/14 18:00,50,15,58,19,5,63,30,0
2019/4/14 18:10,31,11,51,18,8,81,25,0
2019/4/14 18:20,35,6,33,17,6,66,35,0
2019/4/14 18:30,24,8,29,26,7,57,27,0
2019/4/14 18:40,28,6,40,7,7,59,22,0
2019/4/14 18:50,19,10,37,11,5,48,26,0
2019/4/14 19:00,13,8,40,6,7,51,20,0
2019/4/14 19:10,18,23,40,8,4,47,15,0
2019/4/14 19:20,22,4,18,6,2,38,4,0
2019/4/14 19:30,17,9,24,4,7,6,3,0
2019/4/14 19:40,10,6,21,9,3,14,5,0
2019/4/14 19:50,13,2,7,8,4,12,3,0
2019/4/14 20:00,14,9,8,2,0,7,0,0
2019/4/14 20:10,5,7,11,3,2,7,2,0
2019/4/14 20:20,13,5,6,3,5,4,3,0
2019/4/14 20:30,15,7,3,6,3,4,2,0
2019/4/14 20:40,8,4,1,3,5,2,0,0
2019/4/14 20:50,10,6,4,2,3,4,0,0
2019/4/14 21:00,17,4,3,7,5,2,0,0
2019/4/14 21:10,10,9,2,7,4,3,1,0
2019/4/14 21:20,11,9,5,4,6,0,0,0
2019/4/14 21:30,11,3,6,3,2,0,0,0
2019/4/14 21:40,13,9,4,7,10,0,0,0
2019/4/14 21:50,16,10,2,7,11,1,1,0
2019/4/14 22:00,11,10,5,8,5,0,0,0
2019/4/14 22:10,11,4,5,4,6,0,0,0
2019/4/14 22:20,6,3,1,3,5,2,0,0
2019/4/14 22:30,1,9,0,4,11,0,0,0
2019/4/14 22:40,0,2,0,5,3,1,0,0
2019/4/14 22:50,0,4,1,2,10,0,0,0
2019/4/14 23:00,0,4,0,1,2,0,0,0
2019/4/14 23:10,0,0,1,0,0,0,0,0
2019/4/14 23:20,0,0,0,0,0,0,0,0
2019/4/14 23:30,0,0,0,0,0,0,0,0
2019/4/14 23:40,0,0,0,0,0,0,0,0
2019/4/14 23:50,0,0,0,0,0,0,0,0
2019/4/15 0:00,0,0,0,0,0,0,0,0
2019/4/15 0:10,0,0,0,0,0,0,0,0
2019/4/15 0:20,0,0,0,0,0,0,0,0
2019/4/15 0:30,0,0,0,0,0,0,0,0
2019/4/15 0:40,0,0,0,0,0,0,0,0
2019/4/15 0:50,0,0,0,0,0,0,0,0
2019/4/15 1:00,0,0,0,0,0,0,0,0
2019/4/15 1:10,0,0,0,0,0,0,0,0
2019/4/15 1:20,0,0,0,0,0,0,0,0
2019/4/15 1:30,0,0,0,0,0,0,0,0
2019/4/15 1:40,0,0,0,0,0,0,0,0
2019/4/15 1:50,0,0,0,0,0,0,0,0
2019/4/15 2:00,0,0,0,0,0,0,0,0
2019/4/15 2:10,0,0,0,0,0,0,0,0
2019/4/15 2:20,0,0,0,0,0,0,0,0
2019/4/15 2:30,0,0,0,0,0,0,0,0
2019/4/15 2:40,0,0,0,0,0,0,0,0
2019/4/15 2:50,0,0,0,0,0,0,0,0
2019/4/15 3:00,0,0,0,0,0,0,0,0
2019/4/15 3:10,0,0,0,0,0,0,0,0
2019/4/15 3:20,0,0,0,0,0,0,0,0
2019/4/15 3:30,0,0,0,0,0,0,0,0
2019/4/15 3:40,0,0,0,0,0,0,0,0
2019/4/15 3:50,0,0,0,0,0,0,0,0
2019/4/15 4:00,0,0,0,0,0,0,0,0
2019/4/15 4:10,0,0,0,0,0,0,0,0
2019/4/15 4:20,0,0,0,0,0,0,0,0
2019/4/15 4:30,0,0,0,0,0,0,0,0
2019/4/15 4:40,0,0,0,0,0,0,0,0
2019/4/15 4:50,0,0,0,0,0,0,0,0
2019/4/15 5:00,0,0,0,0,0,0,0,0
2019/4/15 5:10,0,0,0,0,0,0,0,0
2019/4/15 5:20,0,0,0,0,0,0,0,0
2019/4/15 5:30,0,0,0,0,0,0,0,0
2019/4/15 5:40,0,0,0,0,0,0,0,0
2019/4/15 5:50,0,0,0,0,0,0,0,0
2019/4/15 6:00,0,0,0,0,0,0,0,0
2019/4/15 6:10,0,0,0,0,0,0,0,0
2019/4/15 6:20,0,1,0,0,0,0,0,0
2019/4/15 6:30,9,1,5,0,0,0,0,0
2019/4/15 6:40,11,0,6,0,0,0,0,0
2019/4/15 6:50,15,0,17,0,0,0,0,0
2019/4/15 7:00,31,1,41,3,0,0,0,0
2019/4/15 7:10,49,8,80,10,0,0,0,0
2019/4/15 7:20,141,11,190,24,0,0,0,0
2019/4/15 7:30,252,87,265,78,0,0,5,0
2019/4/15 7:40,322,99,80,125,7,0,3,0
2019/4/15 7:50,212,43,24,75,1,0,1,0
2019/4/15 8:00,46,5,27,15,1,0,1,0
2019/4/15 8:10,24,13,9,10,0,0,0,0
2019/4/15 8:20,35,3,16,5,1,0,1,0
2019/4/15 8:30,18,6,17,6,0,0,0,4
2019/4/15 8:40,26,2,23,5,0,0,3,8
2019/4/15 8:50,23,5,8,3,1,0,1,5
2019/4/15 9:00,14,4,11,3,0,0,0,10
2019/4/15 9:10,21,4,18,9,1,0,0,8
2019/4/15 9:20,34,8,28,7,1,0,0,11
2019/4/15 9:30,59,29,39,8,5,0,3,35
2019/4/15 9:40,131,31,8,37,10,2,0,34
2019/4/15 9:50,44,16,8,21,6,8,0,28
2019/4/15 10:00,16,10,7,8,2,11,2,19
2019/4/15 10:10,8,3,12,4,4,2,0,13
2019/4/15 10:20,3,2,5,2,3,0,3,4
2019/4/15 10:30,2,0,1,1,0,1,1,2
2019/4/15 10:40,5,1,9,0,0,6,6,7
2019/4/15 10:50,3,2,23,3,1,3,4,7
2019/4/15 11:00,9,2,23,3,0,8,25,24
2019/4/15 11:10,13,2,32,5,1,24,39,34
2019/4/15 11:20,46,5,59,10,4,77,35,41
2019/4/15 11:30,89,2,74,34,5,100,56,72
2019/4/15 11:40,176,8,154,70,10,227,85,108
2019/4/15 11:50,354,48,374,186,31,356,210,208
2019/4/15 12:00,119,21,244,54,14,197,144,106
2019/4/15 12:10,66,14,110,35,4,105,70,96
2019/4/15 12:20,51,16,67,18,9,78,32,49
2019/4/15 12:30,33,13,36,13,5,51,26,31
2019/4/15 12:40,22,7,20,10,3,51,19,23
2019/4/15 12:50,9,2,8,7,5,12,10,5
2019/4/15 13:00,8,4,8,2,6,13,6,1
2019/4/15 13:10,5,2,4,2,1,5,1,0
2019/4/15 13:20,0,2,3,1,1,3,1,0
2019/4/15 13:30,0,0,0,0,5,4,0,0
2019/4/15 13:40,0,4,0,1,1,0,0,0
2019/4/15 13:50,0,1,0,1,1,0,0,0
2019/4/15 14:00,0,15,0,0,0,0,0,0
2019/4/15 14:10,0,25,0,0,12,0,0,0
2019/4/15 14:20,0,8,0,0,9,0,0,0
2019/4/15 14:30,0,0,0,0,2,0,0,0
2019/4/15 14:40,0,1,0,0,1,0,0,0
2019/4/15 14:50,0,1,0,0,1,0,0,0
2019/4/15 15:00,2,2,0,4,0,0,0,0
2019/4/15 15:10,9,3,2,5,2,4,0,0
2019/4/15 15:20,16,1,0,20,1,0,0,0
2019/4/15 15:30,9,8,0,0,2,2,2,2
2019/4/15 15:40,10,2,2,0,2,5,0,1
2019/4/15 15:50,1,2,0,4,2,0,0,2
2019/4/15 16:00,6,5,1,2,9,5,0,7
2019/4/15 16:10,23,34,19,7,13,27,0,24
2019/4/15 16:20,53,81,88,52,38,62,25,54
2019/4/15 16:30,28,57,81,5,18,29,39,41
2019/4/15 16:40,15,21,32,6,9,8,21,23
2019/4/15 16:50,16,15,26,3,9,16,18,13
2019/4/15 17:00,22,11,29,14,3,25,22,18
2019/4/15 17:10,41,7,31,14,7,24,28,13
2019/4/15 17:20,33,11,38,22,2,40,34,31
2019/4/15 17:30,62,9,52,26,12,56,53,6
2019/4/15 17:40,62,3,68,20,8,88,66,0
2019/4/15 17:50,61,9,81,24,9,69,90,0
2019/4/15 18:00,134,18,97,52,13,128,55,0
2019/4/15 18:10,75,14,104,26,11,106,66,0
2019/4/15 18:20,51,9,50,17,6,82,47,0
2019/4/15 18:30,35,7,29,23,10,79,35,0
2019/4/15 18:40,30,6,39,17,20,61,28,0
2019/4/15 18:50,21,10,38,14,5,77,22,0
2019/4/15 19:00,32,13,44,19,8,89,21,0
2019/4/15 19:10,48,15,35,20,14,37,14,0
2019/4/15 19:20,27,9,21,8,9,33,12,0
2019/4/15 19:30,15,10,22,7,5,12,3,0
2019/4/15 19:40,15,8,16,1,2,9,7,0
2019/4/15 19:50,10,1,3,4,2,9,5,0
2019/4/15 20:00,18,6,6,4,2,2,1,0
2019/4/15 20:10,11,7,7,5,3,0,3,0
2019/4/15 20:20,4,9,8,4,3,1,1,0
2019/4/15 20:30,6,3,1,5,2,1,0,0
2019/4/15 20:40,15,7,2,4,2,1,1,0
2019/4/15 20:50,16,4,5,9,5,1,1,0
2019/4/15 21:00,18,5,2,9,4,2,0,0
2019/4/15 21:10,22,14,5,16,18,5,0,0
2019/4/15 21:20,31,25,7,14,18,1,0,0
2019/4/15 21:30,29,14,5,14,8,0,0,0
2019/4/15 21:40,13,9,7,9,9,2,2,0
2019/4/15 21:50,9,32,7,15,8,1,0,0
2019/4/15 22:00,33,22,11,19,7,3,0,0
2019/4/15 22:10,20,6,4,4,2,0,0,0
2019/4/15 22:20,10,9,2,5,7,0,0,0
2019/4/15 22:30,2,5,0,4,3,0,0,0
2019/4/15 22:40,2,3,1,0,7,0,0,0
2019/4/15 22:50,4,4,0,1,1,0,0,0
2019/4/15 23:00,0,1,0,0,0,0,0,0
2019/4/15 23:10,0,0,0,0,0,0,0,0
2019/4/15 23:20,0,0,1,1,0,0,0,0
2019/4/15 23:30,0,0,0,0,0,0,0,0
2019/4/15 23:40,0,0,0,0,0,0,0,0
2019/4/15 23:50,0,0,0,0,0,0,0,0
2019/4/16 0:00,493,0,0,0,0,0,0,0
2019/4/16 0:10,0,0,0,0,0,0,0,0
2019/4/16 0:20,0,0,0,0,0,0,0,0
2019/4/16 0:30,0,0,0,0,0,0,0,0
2019/4/16 0:40,0,0,0,0,0,0,0,0
2019/4/16 0:50,0,0,0,0,0,0,0,0
2019/4/16 1:00,0,0,0,0,0,0,0,0
2019/4/16 1:10,0,0,0,0,0,0,0,0
2019/4/16 1:20,0,0,0,0,0,0,0,0
2019/4/16 1:30,0,0,0,0,0,0,0,0
2019/4/16 1:40,0,0,0,0,0,0,0,0
2019/4/16 1:50,0,0,0,0,0,0,0,0
2019/4/16 2:00,2,0,0,0,0,0,0,0
2019/4/16 2:10,1,0,0,0,0,0,0,0
2019/4/16 2:20,0,0,0,0,0,0,0,0
2019/4/16 2:30,23,0,0,0,0,0,0,0
2019/4/16 2:40,44,0,0,0,0,0,0,0
2019/4/16 2:50,40,0,0,0,0,0,0,0
2019/4/16 3:00,31,0,0,0,0,0,0,0
2019/4/16 3:10,4,0,0,0,0,0,0,0
2019/4/16 3:20,6,0,0,0,0,0,0,0
2019/4/16 3:30,2,0,0,0,0,0,0,0
2019/4/16 3:40,2,0,0,0,0,0,0,0
2019/4/16 3:50,0,0,0,0,0,0,0,0
2019/4/16 4:00,0,0,0,0,0,0,0,0
2019/4/16 4:10,3,0,0,0,0,0,0,0
2019/4/16 4:20,7,0,0,0,0,0,0,0
2019/4/16 4:30,13,0,0,0,0,0,0,0
2019/4/16 4:40,20,0,0,0,0,0,0,0
2019/4/16 4:50,33,0,0,0,0,0,0,0
2019/4/16 5:00,40,0,0,0,0,0,0,0
2019/4/16 5:10,49,0,0,0,0,0,0,0
2019/4/16 5:20,43,0,0,0,0,0,0,0
2019/4/16 5:30,33,0,0,0,0,0,0,0
2019/4/16 5:40,5,0,0,0,0,0,0,0
2019/4/16 5:50,4,0,0,0,0,0,0,0
2019/4/16 6:00,2,0,0,0,0,0,0,0
2019/4/16 6:10,8,0,0,0,0,0,0,0
2019/4/16 6:20,5,0,0,0,0,0,0,0
2019/4/16 6:30,13,0,5,1,0,0,0,0
2019/4/16 6:40,16,0,16,0,0,0,0,0
2019/4/16 6:50,40,1,8,3,0,0,0,0
2019/4/16 7:00,60,2,49,2,0,0,0,0
2019/4/16 7:10,69,8,86,13,0,0,4,0
2019/4/16 7:20,185,48,201,77,5,0,7,0
2019/4/16 7:30,356,93,252,195,8,0,8,0
2019/4/16 7:40,285,102,107,121,7,0,0,0
2019/4/16 7:50,196,43,42,83,8,0,0,0
2019/4/16 8:00,46,10,39,17,0,0,0,0
2019/4/16 8:10,47,7,16,8,2,0,0,0
2019/4/16 8:20,25,2,18,7,1,0,0,0
2019/4/16 8:30,32,4,16,3,1,0,0,4
2019/4/16 8:40,20,5,18,3,0,0,0,4
2019/4/16 8:50,42,7,11,8,3,1,2,8
2019/4/16 9:00,30,1,9,5,0,0,0,5
2019/4/16 9:10,32,4,18,2,0,0,0,5
2019/4/16 9:20,50,14,19,3,1,0,1,1
2019/4/16 9:30,83,45,20,10,1,0,1,8
2019/4/16 9:40,74,54,12,10,8,0,0,18
2019/4/16 9:50,35,12,4,6,12,8,4,30
2019/4/16 10:00,10,7,2,2,4,4,0,9
2019/4/16 10:10,3,1,2,3,1,2,0,2
2019/4/16 10:20,3,3,2,4,0,5,0,3
2019/4/16 10:30,4,2,2,0,0,6,4,5
2019/4/16 10:40,4,4,5,4,1,3,3,4
2019/4/16 10:50,4,1,9,0,1,7,1,6
2019/4/16 11:00,22,0,13,9,0,25,8,24
2019/4/16 11:10,29,2,21,9,2,33,18,22
2019/4/16 11:20,50,2,35,26,3,74,26,29
2019/4/16 11:30,111,3,44,42,9,103,50,60
2019/4/16 11:40,184,3,170,84,11,249,129,98
2019/4/16 11:50,286,23,393,180,24,432,260,117
2019/4/16 12:00,106,16,277,45,17,206,204,128
2019/4/16 12:10,57,33,141,28,5,112,103,86
2019/4/16 12:20,52,14,66,38,9,64,48,43
2019/4/16 12:30,36,16,33,16,12,35,36,23
2019/4/16 12:40,18,12,33,11,8,28,23,13
2019/4/16 12:50,17,8,14,3,3,7,3,2
2019/4/16 13:00,11,4,7,1,1,6,2,0
2019/4/16 13:10,24,4,0,0,5,8,2,0
2019/4/16 13:20,8,3,2,1,7,2,1,0
2019/4/16 13:30,1,6,2,0,4,2,2,0
2019/4/16 13:40,1,3,1,1,5,2,2,0
2019/4/16 13:50,4,2,1,0,3,3,0,0
2019/4/16 14:00,3,13,0,0,1,0,0,0
2019/4/16 14:10,2,28,0,3,9,1,0,0
2019/4/16 14:20,6,10,0,11,8,2,1,0
2019/4/16 14:30,5,2,1,1,3,0,0,0
2019/4/16 14:40,4,6,0,2,4,1,0,0
2019/4/16 14:50,1,2,0,1,3,0,0,0
2019/4/16 15:00,2,1,0,2,2,0,0,0
2019/4/16 15:10,5,1,0,1,0,0,0,0
2019/4/16 15:20,9,3,0,0,3,0,0,0
2019/4/16 15:30,7,0,0,0,1,0,0,1
2019/4/16 15:40,11,0,2,0,2,1,0,1
2019/4/16 15:50,1,4,2,1,2,0,0,4
2019/4/16 16:00,2,12,3,2,9,5,0,9
2019/4/16 16:10,6,31,5,5,15,22,1,20
2019/4/16 16:20,52,70,59,28,48,49,11,32
2019/4/16 16:30,26,49,61,16,19,36,24,28
2019/4/16 16:40,15,22,21,15,11,19,14,19
2019/4/16 16:50,15,17,22,12,15,15,27,29
2019/4/16 17:00,25,7,28,7,7,16,23,11
2019/4/16 17:10,18,9,37,15,8,21,20,20
2019/4/16 17:20,32,12,31,18,2,40,35,16
2019/4/16 17:30,50,4,59,28,10,48,35,0
2019/4/16 17:40,72,9,70,19,9,76,42,0
2019/4/16 17:50,69,16,69,31,10,86,47,0
2019/4/16 18:00,154,19,94,58,13,210,59,0
2019/4/16 18:10,65,20,111,37,12,129,85,0
2019/4/16 18:20,34,14,43,32,8,70,45,0
2019/4/16 18:30,36,13,43,24,11,70,45,0
2019/4/16 18:40,18,6,35,19,8,63,30,0
2019/4/16 18:50,19,17,41,16,4,54,49,0
2019/4/16 19:00,11,15,35,7,3,60,19,0
2019/4/16 19:10,20,17,27,20,9,42,15,0
2019/4/16 19:20,24,5,13,13,6,21,9,0
2019/4/16 19:30,17,8,7,13,6,13,3,0
2019/4/16 19:40,25,6,18,12,2,15,0,0
2019/4/16 19:50,12,5,13,6,5,8,2,0
2019/4/16 20:00,10,8,9,5,2,9,2,0
2019/4/16 20:10,14,1,7,3,4,3,0,0
2019/4/16 20:20,5,4,7,3,3,4,2,0
2019/4/16 20:30,9,4,4,1,3,1,2,0
2019/4/16 20:40,3,4,6,6,2,1,1,0
2019/4/16 20:50,3,5,3,1,3,2,0,0
2019/4/16 21:00,10,11,6,8,2,7,0,0
2019/4/16 21:10,26,41,4,8,7,1,0,0
2019/4/16 21:20,29,17,8,18,16,6,0,0
2019/4/16 21:30,11,13,6,9,6,1,0,0
2019/4/16 21:40,9,5,3,7,9,5,0,0
2019/4/16 21:50,16,18,5,15,9,2,0,0
2019/4/16 22:00,12,31,6,20,10,3,0,0
2019/4/16 22:10,8,16,2,11,12,0,0,0
2019/4/16 22:20,6,8,0,4,10,0,0,0
2019/4/16 22:30,3,10,0,10,5,1,0,0
2019/4/16 22:40,1,10,0,0,8,0,0,0
2019/4/16 22:50,1,4,0,4,5,0,0,0
2019/4/16 23:00,0,4,0,0,0,0,0,0
2019/4/16 23:10,0,0,0,0,0,0,0,0
2019/4/16 23:20,0,0,0,1,0,0,0,0
2019/4/16 23:30,0,0,0,0,0,0,0,0
2019/4/16 23:40,0,0,0,0,0,0,0,0
2019/4/16 23:50,0,0,0,0,0,0,0,0
2019/4/17 0:00,883,0,420,0,0,0,0,0
2019/4/17 0:10,0,0,0,0,0,0,0,0
2019/4/17 0:20,0,0,0,0,0,0,0,0
2019/4/17 0:30,0,0,0,0,0,0,0,0
2019/4/17 0:40,0,0,0,0,0,0,0,0
2019/4/17 0:50,0,0,0,0,0,0,0,0
2019/4/17 1:00,0,0,0,0,0,0,0,0
2019/4/17 1:10,0,0,0,0,0,0,0,0
2019/4/17 1:20,0,0,0,0,0,0,0,0
2019/4/17 1:30,0,0,0,0,0,0,0,0
2019/4/17 1:40,0,0,0,0,0,0,0,0
2019/4/17 1:50,1,0,0,0,0,0,0,0
2019/4/17 2:00,1,0,0,0,0,0,0,0
2019/4/17 2:10,2,0,0,0,0,0,0,0
2019/4/17 2:20,14,0,0,0,0,0,0,0
2019/4/17 2:30,31,0,0,0,0,0,0,0
2019/4/17 2:40,47,0,0,0,0,0,0,0
2019/4/17 2:50,46,0,0,0,0,0,0,0
2019/4/17 3:00,33,0,0,0,0,0,0,0
2019/4/17 3:10,4,0,0,0,0,0,0,0
2019/4/17 3:20,7,0,0,0,0,0,0,0
2019/4/17 3:30,5,0,0,0,0,0,0,0
2019/4/17 3:40,0,0,0,0,0,0,0,0
2019/4/17 3:50,0,0,0,0,0,0,0,0
2019/4/17 4:00,0,0,0,0,0,0,0,0
2019/4/17 4:10,0,0,0,0,0,0,0,0
2019/4/17 4:20,1,0,0,0,0,0,0,0
2019/4/17 4:30,5,0,0,0,0,0,0,0
2019/4/17 4:40,2,0,0,0,0,0,0,0
2019/4/17 4:50,7,0,0,0,0,0,0,0
2019/4/17 5:00,29,0,0,0,0,0,0,0
2019/4/17 5:10,43,0,0,0,0,0,0,0
2019/4/17 5:20,35,0,0,0,0,0,0,0
2019/4/17 5:30,28,0,0,0,0,0,0,0
2019/4/17 5:40,7,0,0,0,0,0,0,0
2019/4/17 5:50,4,0,0,0,0,0,0,0
2019/4/17 6:00,4,0,0,0,0,0,0,0
2019/4/17 6:10,1,0,0,0,0,0,0,0
2019/4/17 6:20,0,1,0,0,0,0,0,0
2019/4/17 6:30,4,1,2,0,0,0,0,0
2019/4/17 6:40,11,1,14,1,0,0,0,0
2019/4/17 6:50,19,1,12,0,0,0,0,0
2019/4/17 7:00,22,1,26,4,0,0,0,0
2019/4/17 7:10,48,2,73,10,0,0,0,0
2019/4/17 7:20,148,30,230,44,3,0,12,0
2019/4/17 7:30,264,122,248,91,2,0,7,0
2019/4/17 7:40,300,111,117,147,6,0,1,0
2019/4/17 7:50,171,42,43,87,7,0,0,0
2019/4/17 8:00,59,10,29,16,2,0,0,0
2019/4/17 8:10,40,13,19,8,1,0,3,0
2019/4/17 8:20,32,3,21,3,4,0,0,0
2019/4/17 8:30,40,2,21,3,1,0,2,4
2019/4/17 8:40,34,3,20,3,0,0,0,4
2019/4/17 8:50,52,0,9,4,2,1,0,5
2019/4/17 9:00,39,2,12,7,0,0,0,2
2019/4/17 9:10,26,4,7,7,2,0,4,6
2019/4/17 9:20,22,4,22,1,2,0,0,6
2019/4/17 9:30,68,34,14,12,1,0,2,18
2019/4/17 9:40,106,44,3,11,6,2,1,8
2019/4/17 9:50,58,20,7,17,9,3,0,9
2019/4/17 10:00,13,6,5,0,2,1,2,2
2019/4/17 10:10,8,3,2,1,6,0,0,1
2019/4/17 10:20,8,1,5,2,0,8,1,3
2019/4/17 10:30,5,1,11,1,0,4,4,6
2019/4/17 10:40,2,4,7,0,1,4,9,5
2019/4/17 10:50,1,4,6,1,0,13,4,3
2019/4/17 11:00,19,2,22,1,2,21,13,11
2019/4/17 11:10,29,4,26,18,2,29,25,28
2019/4/17 11:20,70,3,33,36,3,87,34,28
2019/4/17 11:30,98,1,37,46,4,110,36,32
2019/4/17 11:40,210,17,146,101,13,248,112,70
2019/4/17 11:50,346,39,373,196,20,391,233,115
2019/4/17 12:00,169,18,259,74,26,171,223,84
2019/4/17 12:10,83,18,112,29,7,100,83,51
2019/4/17 12:20,49,20,77,9,13,59,49,32
2019/4/17 12:30,23,13,35,7,11,35,37,15
2019/4/17 12:40,16,9,15,6,4,28,17,12
2019/4/17 12:50,8,2,14,2,6,17,12,4
2019/4/17 13:00,10,2,3,0,5,16,5,1
2019/4/17 13:10,0,0,5,0,5,11,2,0
2019/4/17 13:20,7,7,2,0,8,0,0,0
2019/4/17 13:30,2,3,0,0,5,1,0,0
2019/4/17 13:40,0,1,0,0,1,1,0,0
2019/4/17 13:50,0,3,0,0,2,2,0,0
2019/4/17 14:00,0,9,0,1,2,0,0,0
2019/4/17 14:10,0,28,0,0,12,0,0,0
2019/4/17 14:20,0,8,0,0,6,0,0,0
2019/4/17 14:30,0,11,0,0,6,0,0,0
2019/4/17 14:40,0,5,0,0,4,0,0,0
2019/4/17 14:50,0,1,0,0,4,0,0,0
2019/4/17 15:00,14,3,0,3,6,1,0,0
2019/4/17 15:10,19,2,0,1,1,1,0,0
2019/4/17 15:20,33,3,0,9,2,0,0,0
2019/4/17 15:30,12,4,0,3,1,1,0,2
2019/4/17 15:40,33,4,2,1,2,0,0,6
2019/4/17 15:50,20,4,0,3,3,0,1,2
2019/4/17 16:00,6,6,0,1,2,7,0,3
2019/4/17 16:10,12,18,7,12,11,16,0,16
2019/4/17 16:20,48,45,51,34,34,47,24,27
2019/4/17 16:30,24,28,56,21,5,25,39,24
2019/4/17 16:40,10,13,19,3,2,20,21,10
2019/4/17 16:50,10,16,21,6,3,13,23,15
2019/4/17 17:00,28,10,28,4,1,11,25,15
2019/4/17 17:10,45,14,43,11,1,30,35,18
2019/4/17 17:20,71,9,48,26,6,76,49,23
2019/4/17 17:30,59,12,49,16,11,73,45,6
2019/4/17 17:40,66,10,57,20,9,74,72,0
2019/4/17 17:50,94,12,85,35,11,98,74,0
2019/4/17 18:00,139,13,76,49,13,168,70,0
2019/4/17 18:10,79,12,84,32,3,92,84,0
2019/4/17 18:20,44,18,45,19,11,61,43,0
2019/4/17 18:30,32,8,35,15,7,38,29,0
2019/4/17 18:40,15,9,29,6,1,53,33,0
2019/4/17 18:50,12,4,34,3,4,36,20,0
2019/4/17 19:00,22,10,40,8,4,42,10,0
2019/4/17 19:10,25,13,23,10,3,20,8,0
2019/4/17 19:20,24,12,28,1,9,17,3,0
2019/4/17 19:30,10,9,4,1,5,9,2,0
2019/4/17 19:40,13,7,3,1,3,10,1,0
2019/4/17 19:50,9,1,3,1,1,6,0,0
2019/4/17 20:00,9,3,3,2,6,1,4,0
2019/4/17 20:10,6,4,8,2,2,1,3,0
2019/4/17 20:20,9,2,1,3,3,2,0,0
2019/4/17 20:30,11,9,1,3,3,2,3,0
2019/4/17 20:40,5,10,3,2,4,2,0,0
2019/4/17 20:50,12,8,2,2,3,1,0,0
2019/4/17 21:00,14,10,2,3,6,0,0,0
2019/4/17 21:10,43,10,5,21,14,2,0,0
2019/4/17 21:20,30,24,10,28,19,3,0,0
2019/4/17 21:30,11,12,2,6,10,4,0,0
2019/4/17 21:40,17,8,6,3,5,0,0,0
2019/4/17 21:50,33,22,3,8,6,3,0,0
2019/4/17 22:00,26,33,7,22,12,2,0,0
2019/4/17 22:10,12,10,3,3,4,0,0,0
2019/4/17 22:20,8,10,3,6,2,0,0,0
2019/4/17 22:30,2,4,0,3,2,1,0,0
2019/4/17 22:40,0,6,0,1,4,0,0,0
2019/4/17 22:50,0,4,0,2,3,0,0,0
2019/4/17 23:00,0,1,0,1,1,0,0,0
2019/4/17 23:10,0,0,0,1,0,0,0,0
2019/4/17 23:20,0,0,0,0,0,0,0,0
2019/4/17 23:30,0,0,0,0,0,0,0,0
2019/4/17 23:40,0,0,0,0,0,0,0,0
2019/4/17 23:50,0,0,0,0,0,0,0,0
2019/4/18 0:00,0,0,0,0,0,0,0,0
2019/4/18 0:10,0,0,0,0,0,0,0,0
2019/4/18 0:20,0,0,0,0,0,0,0,0
2019/4/18 0:30,0,0,0,0,0,0,0,0
2019/4/18 0:40,0,0,0,0,0,0,0,0
2019/4/18 0:50,0,0,0,0,0,0,0,0
2019/4/18 1:00,0,0,0,0,0,0,0,0
2019/4/18 1:10,0,0,0,0,0,0,0,0
2019/4/18 1:20,0,0,0,0,0,0,0,0
2019/4/18 1:30,0,0,0,0,0,0,0,0
2019/4/18 1:40,0,0,0,0,0,0,0,0
2019/4/18 1:50,0,0,0,0,0,0,0,0
2019/4/18 2:00,0,0,0,0,0,0,0,0
2019/4/18 2:10,0,0,0,0,0,0,0,0
2019/4/18 2:20,0,0,0,0,0,0,0,0
2019/4/18 2:30,0,0,0,0,0,0,0,0
2019/4/18 2:40,0,0,0,0,0,0,0,0
2019/4/18 2:50,0,0,0,0,0,0,0,0
2019/4/18 3:00,0,0,0,0,0,0,0,0
2019/4/18 3:10,0,0,0,0,0,0,0,0
2019/4/18 3:20,0,0,0,0,0,0,0,0
2019/4/18 3:30,0,0,0,0,0,0,0,0
2019/4/18 3:40,0,0,0,0,0,0,0,0
2019/4/18 3:50,0,0,0,0,0,0,0,0
2019/4/18 4:00,0,0,0,0,0,0,0,0
2019/4/18 4:10,0,0,0,0,0,0,0,0
2019/4/18 4:20,0,0,0,0,0,0,0,0
2019/4/18 4:30,0,0,0,0,0,0,0,0
2019/4/18 4:40,0,0,0,0,0,0,0,0
2019/4/18 4:50,0,0,0,0,0,0,0,0
2019/4/18 5:00,0,0,0,0,0,0,0,0
2019/4/18 5:10,0,0,0,0,0,0,0,0
2019/4/18 5:20,0,0,0,0,0,0,0,0
2019/4/18 5:30,0,0,0,0,0,0,0,0
2019/4/18 5:40,0,0,0,0,0,0,0,0
2019/4/18 5:50,0,0,0,0,0,0,0,0
2019/4/18 6:00,0,0,0,0,0,0,0,0
2019/4/18 6:10,0,0,0,0,0,0,0,0
2019/4/18 6:20,4,0,0,0,0,0,0,0
2019/4/18 6:30,8,2,1,0,0,0,0,0
2019/4/18 6:40,20,0,9,0,0,0,0,0
2019/4/18 6:50,20,2,5,0,0,0,0,0
2019/4/18 7:00,27,1,33,1,0,0,0,0
2019/4/18 7:10,63,4,76,10,0,0,1,0
2019/4/18 7:20,193,65,193,39,2,0,6,0
2019/4/18 7:30,347,124,304,134,5,0,6,0
2019/4/18 7:40,370,144,168,111,5,0,3,0
2019/4/18 7:50,251,31,41,69,6,0,0,0
2019/4/18 8:00,60,10,37,16,1,0,0,0
2019/4/18 8:10,32,10,19,8,0,0,0,0
2019/4/18 8:20,32,5,19,5,3,0,2,0
2019/4/18 8:30,21,5,15,4,0,0,1,2
2019/4/18 8:40,34,7,14,6,1,0,1,1
2019/4/18 8:50,32,4,13,1,2,0,1,5
2019/4/18 9:00,17,4,11,2,0,0,0,3
2019/4/18 9:10,22,0,8,3,4,0,0,3
2019/4/18 9:20,19,9,15,3,1,0,1,3
2019/4/18 9:30,84,30,22,9,1,0,5,14
2019/4/18 9:40,100,51,13,23,3,1,0,16
2019/4/18 9:50,65,37,3,21,11,4,0,25
2019/4/18 10:00,10,13,7,3,6,6,6,4
2019/4/18 10:10,6,3,8,1,4,5,1,4
2019/4/18 10:20,6,0,1,5,6,2,1,3
2019/4/18 10:30,11,1,3,1,1,2,1,2
2019/4/18 10:40,12,0,5,2,3,10,8,2
2019/4/18 10:50,5,2,6,1,1,10,7,3
2019/4/18 11:00,16,3,7,4,3,14,11,6
2019/4/18 11:10,29,1,18,11,1,35,10,14
2019/4/18 11:20,64,4,33,20,3,47,32,19
2019/4/18 11:30,118,4,56,40,6,137,49,34
2019/4/18 11:40,142,5,111,57,5,178,77,46
2019/4/18 11:50,263,47,286,166,14,417,195,77
2019/4/18 12:00,72,24,164,33,6,146,145,43
2019/4/18 12:10,53,20,118,23,4,94,76,50
2019/4/18 12:20,40,10,100,25,8,78,76,42
2019/4/18 12:30,12,4,42,12,4,30,23,17
2019/4/18 12:40,17,15,31,8,1,24,21,14
2019/4/18 12:50,10,13,21,3,2,27,25,8
2019/4/18 13:00,8,7,19,3,3,21,7,1
2019/4/18 13:10,1,11,19,2,7,14,2,1
2019/4/18 13:20,1,6,2,1,4,5,0,0
2019/4/18 13:30,0,12,5,0,1,1,2,0
2019/4/18 13:40,0,9,2,1,0,4,1,0
2019/4/18 13:50,2,12,0,0,1,0,0,1
2019/4/18 14:00,0,7,0,1,9,3,0,0
2019/4/18 14:10,1,5,1,3,8,2,0,0
2019/4/18 14:20,0,5,0,2,4,2,0,0
2019/4/18 14:30,1,12,0,1,1,2,0,0
2019/4/18 14:40,1,6,0,0,0,0,0,0
2019/4/18 14:50,0,8,0,0,2,1,0,0
2019/4/18 15:00,2,6,0,0,3,0,0,0
2019/4/18 15:10,0,9,0,1,1,0,0,0
2019/4/18 15:20,0,5,0,2,5,1,0,2
2019/4/18 15:30,0,3,0,0,3,2,0,0
2019/4/18 15:40,0,6,0,0,3,5,0,1
2019/4/18 15:50,1,10,1,2,3,1,0,5
2019/4/18 16:00,3,11,6,1,8,2,1,6
2019/4/18 16:10,1,10,5,0,2,2,2,6
2019/4/18 16:20,1,4,3,1,4,4,1,3
2019/4/18 16:30,11,5,7,8,5,16,7,5
2019/4/18 16:40,15,6,10,7,4,11,8,6
2019/4/18 16:50,19,11,24,8,5,23,21,11
2019/4/18 17:00,22,16,22,8,5,24,23,15
2019/4/18 17:10,33,7,23,13,3,44,29,13
2019/4/18 17:20,49,9,58,28,4,99,37,28
2019/4/18 17:30,65,6,47,25,4,77,65,2
2019/4/18 17:40,65,12,52,21,11,91,73,0
2019/4/18 17:50,69,19,81,25,15,92,63,0
2019/4/18 18:00,67,10,68,20,13,93,64,0
2019/4/18 18:10,47,18,62,19,3,63,53,0
2019/4/18 18:20,40,17,47,27,8,71,40,0
2019/4/18 18:30,19,10,46,19,5,61,38,0
2019/4/18 18:40,15,13,51,20,8,75,45,0
2019/4/18 18:50,20,6,48,11,5,63,39,0
2019/4/18 19:00,15,18,29,3,9,85,29,0
2019/4/18 19:10,27,32,32,5,6,47,17,0
2019/4/18 19:20,25,11,12,5,8,24,7,0
2019/4/18 19:30,22,6,13,5,3,15,7,0
2019/4/18 19:40,12,6,11,8,6,13,5,0
2019/4/18 19:50,12,9,11,5,2,12,8,0
2019/4/18 20:00,14,5,6,2,5,10,5,0
2019/4/18 20:10,11,6,6,6,10,2,1,0
2019/4/18 20:20,8,7,4,4,2,5,1,0
2019/4/18 20:30,8,9,5,5,4,2,2,0
2019/4/18 20:40,17,11,4,6,4,2,1,0
2019/4/18 20:50,12,4,0,3,2,0,0,0
2019/4/18 21:00,5,11,2,8,8,0,0,0
2019/4/18 21:10,24,14,3,15,3,2,0,0
2019/4/18 21:20,27,18,14,17,23,4,1,0
2019/4/18 21:30,14,21,4,11,7,0,0,0
2019/4/18 21:40,13,13,9,7,5,3,0,0
2019/4/18 21:50,11,32,9,3,7,1,2,0
2019/4/18 22:00,34,19,7,13,18,3,0,0
2019/4/18 22:10,25,17,2,7,8,5,0,0
2019/4/18 22:20,2,9,1,6,16,1,0,0
2019/4/18 22:30,4,11,0,2,4,1,0,0
2019/4/18 22:40,4,8,0,1,6,0,0,0
2019/4/18 22:50,4,2,1,0,8,1,0,0
2019/4/18 23:00,1,5,0,0,0,1,0,0
2019/4/18 23:10,0,0,0,0,0,0,0,0
2019/4/18 23:20,0,0,0,0,0,0,0,0
2019/4/18 23:30,0,0,0,0,0,0,0,0
2019/4/18 23:40,0,0,0,0,0,0,0,0
2019/4/18 23:50,0,0,0,0,0,0,0,0
2019/4/19 0:00,534,0,0,0,0,0,0,0
2019/4/19 0:10,0,0,0,0,0,0,0,0
2019/4/19 0:20,0,0,0,0,0,0,0,0
2019/4/19 0:30,0,0,0,0,0,0,0,0
2019/4/19 0:40,0,0,0,0,0,0,0,0
2019/4/19 0:50,0,0,0,0,0,0,0,0
2019/4/19 1:00,0,0,0,0,0,0,0,0
2019/4/19 1:10,0,0,0,0,0,0,0,0
2019/4/19 1:20,0,0,0,0,0,0,0,0
2019/4/19 1:30,0,0,0,0,0,0,0,0
2019/4/19 1:40,0,0,0,0,0,0,0,0
2019/4/19 1:50,0,0,0,0,0,0,0,0
2019/4/19 2:00,0,0,0,0,0,0,0,0
2019/4/19 2:10,0,0,0,0,0,0,0,0
2019/4/19 2:20,0,0,0,0,0,0,0,0
2019/4/19 2:30,0,0,0,0,0,0,0,0
2019/4/19 2:40,0,0,0,0,0,0,0,0
2019/4/19 2:50,0,0,0,0,0,0,0,0
2019/4/19 3:00,0,0,0,0,0,0,0,0
2019/4/19 3:10,0,0,0,0,0,0,0,0
2019/4/19 3:20,0,0,0,0,0,0,0,0
2019/4/19 3:30,0,0,0,0,0,0,0,0
2019/4/19 3:40,0,0,0,0,0,0,0,0
2019/4/19 3:50,0,0,0,0,0,0,0,0
2019/4/19 4:00,0,0,0,0,0,0,0,0
2019/4/19 4:10,0,0,0,0,0,0,0,0
2019/4/19 4:20,0,0,0,0,0,0,0,0
2019/4/19 4:30,0,0,0,0,0,0,0,0
2019/4/19 4:40,0,0,0,0,0,0,0,0
2019/4/19 4:50,0,0,0,0,0,0,0,0
2019/4/19 5:00,0,0,0,0,0,0,0,0
2019/4/19 5:10,0,0,0,0,0,0,0,0
2019/4/19 5:20,0,0,0,0,0,0,0,0
2019/4/19 5:30,0,0,0,0,0,0,0,0
2019/4/19 5:40,0,0,0,0,0,0,0,0
2019/4/19 5:50,0,0,0,0,0,0,0,0
2019/4/19 6:00,1,0,0,0,0,0,0,0
2019/4/19 6:10,0,0,0,0,0,0,0,0
2019/4/19 6:20,1,0,0,0,0,0,0,0
2019/4/19 6:30,8,1,5,0,0,0,0,0
2019/4/19 6:40,15,1,10,0,0,0,0,0
2019/4/19 6:50,12,0,17,1,0,0,0,0
2019/4/19 7:00,30,3,47,4,0,0,0,0
2019/4/19 7:10,49,5,74,2,0,0,0,0
2019/4/19 7:20,151,21,173,29,1,0,1,0
2019/4/19 7:30,300,98,242,91,1,0,1,0
2019/4/19 7:40,281,136,150,83,3,0,4,0
2019/4/19 7:50,196,32,43,58,10,0,0,0
2019/4/19 8:00,61,21,53,10,1,0,0,0
2019/4/19 8:10,56,19,32,13,2,0,0,0
2019/4/19 8:20,46,13,21,11,4,0,0,0
2019/4/19 8:30,37,3,8,14,2,0,0,2
2019/4/19 8:40,39,4,12,6,2,0,0,2
2019/4/19 8:50,39,1,8,6,4,0,0,3
2019/4/19 9:00,23,3,21,4,1,0,2,1
2019/4/19 9:10,14,3,10,2,1,0,2,0
2019/4/19 9:20,16,5,16,7,2,0,3,2
2019/4/19 9:30,73,25,14,6,5,1,1,6
2019/4/19 9:40,84,52,25,14,6,0,1,9
2019/4/19 9:50,39,21,10,10,9,3,1,14
2019/4/19 10:00,19,3,12,3,5,8,7,14
2019/4/19 10:10,11,2,6,3,2,3,0,6
2019/4/19 10:20,8,3,9,0,1,4,0,2
2019/4/19 10:30,3,3,6,4,1,0,1,3
2019/4/19 10:40,10,1,5,1,0,7,1,2
2019/4/19 10:50,23,2,6,7,4,7,2,7
2019/4/19 11:00,19,5,19,5,1,17,12,9
2019/4/19 11:10,19,1,20,6,1,19,23,13
2019/4/19 11:20,45,2,33,14,1,66,29,18
2019/4/19 11:30,69,9,36,24,5,70,36,17
2019/4/19 11:40,143,7,129,62,14,169,84,52
2019/4/19 11:50,235,50,290,98,24,318,199,99
2019/4/19 12:00,135,17,198,53,12,159,157,80
2019/4/19 12:10,63,25,133,31,15,132,105,64
2019/4/19 12:20,50,21,80,18,12,65,57,33
2019/4/19 12:30,23,17,30,12,8,69,28,25
2019/4/19 12:40,25,12,20,13,5,22,10,15
2019/4/19 12:50,6,10,13,7,5,22,6,9
2019/4/19 13:00,7,7,3,3,8,15,2,0
2019/4/19 13:10,1,2,5,2,6,6,0,0
2019/4/19 13:20,0,6,0,1,2,5,1,0
2019/4/19 13:30,0,2,0,0,2,2,1,0
2019/4/19 13:40,0,1,1,0,1,0,0,0
2019/4/19 13:50,0,7,0,0,2,0,0,0
2019/4/19 14:00,0,2,0,0,5,0,0,0
2019/4/19 14:10,0,6,0,0,6,0,0,0
2019/4/19 14:20,0,9,0,0,4,0,0,0
2019/4/19 14:30,0,2,0,0,2,0,0,0
2019/4/19 14:40,0,2,0,0,0,0,0,0
2019/4/19 14:50,0,0,0,0,1,0,0,0
2019/4/19 15:00,1,0,0,0,1,2,0,0
2019/4/19 15:10,2,0,1,0,2,1,1,0
2019/4/19 15:20,8,3,0,1,1,2,0,0
2019/4/19 15:30,2,1,0,0,1,0,0,0
2019/4/19 15:40,2,5,1,0,1,6,0,1
2019/4/19 15:50,2,1,0,0,5,4,0,3
2019/4/19 16:00,2,2,0,0,7,0,0,2
2019/4/19 16:10,11,14,4,2,7,4,1,8
2019/4/19 16:20,49,25,40,24,19,36,7,22
2019/4/19 16:30,29,31,49,11,6,41,24,21
2019/4/19 16:40,18,18,33,5,12,17,7,20
2019/4/19 16:50,13,13,27,3,2,19,8,7
2019/4/19 17:00,17,17,18,5,4,21,19,7
2019/4/19 17:10,30,8,25,8,10,21,15,13
2019/4/19 17:20,53,8,51,11,6,28,33,7
2019/4/19 17:30,58,10,54,14,10,50,43,0
2019/4/19 17:40,71,24,78,22,9,52,50,0
2019/4/19 17:50,58,12,54,24,6,83,63,0
2019/4/19 18:00,43,17,55,22,8,67,55,0
2019/4/19 18:10,45,12,60,27,8,65,57,0
2019/4/19 18:20,50,16,43,22,16,59,41,0
2019/4/19 18:30,30,9,30,12,7,59,35,0
2019/4/19 18:40,20,8,34,7,6,50,28,0
2019/4/19 18:50,8,8,29,9,9,39,18,0
2019/4/19 19:00,10,3,27,8,12,27,9,0
2019/4/19 19:10,20,9,30,10,6,28,16,0
2019/4/19 19:20,20,12,13,14,6,17,12,0
2019/4/19 19:30,21,10,18,4,8,20,5,0
2019/4/19 19:40,12,13,24,4,2,11,3,0
2019/4/19 19:50,17,5,15,3,6,9,3,0
2019/4/19 20:00,8,7,8,1,0,3,3,0
2019/4/19 20:10,9,9,9,2,6,3,2,0
2019/4/19 20:20,15,3,7,1,3,7,0,0
2019/4/19 20:30,14,8,1,1,2,2,0,0
2019/4/19 20:40,5,6,2,3,2,4,0,0
2019/4/19 20:50,5,5,2,6,5,1,0,0
2019/4/19 21:00,12,4,3,3,2,5,0,0
2019/4/19 21:10,14,13,2,2,1,1,1,0
2019/4/19 21:20,15,12,4,6,11,1,2,0
2019/4/19 21:30,29,14,5,9,4,3,3,0
2019/4/19 21:40,19,7,2,4,7,1,0,0
2019/4/19 21:50,24,13,4,17,6,2,0,0
2019/4/19 22:00,15,14,7,6,6,4,2,0
2019/4/19 22:10,10,7,0,6,7,1,0,0
2019/4/19 22:20,16,14,0,12,9,1,0,0
2019/4/19 22:30,6,5,0,5,7,2,0,0
2019/4/19 22:40,3,11,0,3,6,1,0,0
2019/4/19 22:50,0,4,0,1,6,0,0,0
2019/4/19 23:00,0,0,1,0,0,2,0,0
2019/4/19 23:10,0,2,0,0,0,1,0,0
2019/4/19 23:20,0,0,0,0,0,0,0,0
2019/4/19 23:30,0,0,0,0,0,0,0,0
2019/4/19 23:40,0,0,0,0,0,0,0,0
2019/4/19 23:50,0,0,0,0,0,0,0,0
2019/4/20 0:00,0,0,1,0,0,0,0,0
2019/4/20 0:10,0,0,0,0,0,0,0,0
2019/4/20 0:20,0,0,0,0,0,0,0,0
2019/4/20 0:30,0,0,0,0,0,0,0,0
2019/4/20 0:40,0,0,0,0,0,0,0,0
2019/4/20 0:50,0,0,0,0,0,0,0,0
2019/4/20 1:00,0,0,0,0,0,0,0,0
2019/4/20 1:10,0,0,0,0,0,0,0,0
2019/4/20 1:20,0,0,0,0,0,0,0,0
2019/4/20 1:30,0,0,0,0,0,0,0,0
2019/4/20 1:40,0,0,0,0,0,0,0,0
2019/4/20 1:50,0,0,0,0,0,0,0,0
2019/4/20 2:00,0,0,0,0,0,0,0,0
2019/4/20 2:10,0,0,0,0,0,0,0,0
2019/4/20 2:20,0,0,0,0,0,0,0,0
2019/4/20 2:30,0,0,0,0,0,0,0,0
2019/4/20 2:40,0,0,0,0,0,0,0,0
2019/4/20 2:50,0,0,0,0,0,0,0,0
2019/4/20 3:00,0,0,0,0,0,0,0,0
2019/4/20 3:10,0,0,0,0,0,0,0,0
2019/4/20 3:20,0,0,0,0,0,0,0,0
2019/4/20 3:30,0,0,0,0,0,0,0,0
2019/4/20 3:40,0,0,0,0,0,0,0,0
2019/4/20 3:50,0,0,0,0,0,0,0,0
2019/4/20 4:00,0,0,0,0,0,0,0,0
2019/4/20 4:10,0,0,0,0,0,0,0,0
2019/4/20 4:20,0,0,0,0,0,0,0,0
2019/4/20 4:30,0,0,0,0,0,0,0,0
2019/4/20 4:40,0,0,0,0,0,0,0,0
2019/4/20 4:50,0,0,0,0,0,0,0,0
2019/4/20 5:00,0,0,0,0,0,0,0,0
2019/4/20 5:10,0,0,0,0,0,0,0,0
2019/4/20 5:20,0,0,0,0,0,0,0,0
2019/4/20 5:30,0,0,0,0,0,0,0,0
2019/4/20 5:40,0,0,0,0,0,0,0,0
2019/4/20 5:50,0,0,0,0,0,0,0,0
2019/4/20 6:00,0,0,0,0,0,0,0,0
2019/4/20 6:10,0,0,0,0,0,0,0,0
2019/4/20 6:20,1,0,0,0,0,0,0,0
2019/4/20 6:30,2,0,0,0,0,0,0,0
2019/4/20 6:40,19,0,0,0,0,0,0,0
2019/4/20 6:50,21,0,12,0,2,0,0,0
2019/4/20 7:00,38,0,22,3,0,0,0,0
2019/4/20 7:10,22,2,29,5,0,0,0,0
2019/4/20 7:20,30,2,33,5,1,0,0,0
2019/4/20 7:30,47,12,58,10,2,0,0,0
2019/4/20 7:40,78,11,50,8,7,0,0,0
2019/4/20 7:50,30,7,56,5,2,0,0,0
2019/4/20 8:00,44,2,43,4,0,0,1,0
2019/4/20 8:10,42,2,44,6,2,0,0,0
2019/4/20 8:20,54,9,52,7,0,0,2,0
2019/4/20 8:30,56,6,49,7,1,0,0,0
2019/4/20 8:40,56,9,33,3,2,0,1,0
2019/4/20 8:50,45,6,54,6,2,0,0,0
2019/4/20 9:00,55,5,38,10,2,0,2,1
2019/4/20 9:10,50,4,14,5,6,0,2,0
2019/4/20 9:20,45,4,23,8,1,0,1,0
2019/4/20 9:30,52,13,24,3,3,0,2,3
2019/4/20 9:40,37,7,19,1,2,3,0,1
2019/4/20 9:50,23,10,20,1,2,1,0,0
2019/4/20 10:00,12,3,5,2,1,0,7,1
2019/4/20 10:10,14,6,14,4,5,5,3,0
2019/4/20 10:20,7,6,18,2,4,7,2,0
2019/4/20 10:30,13,7,13,2,1,3,6,0
2019/4/20 10:40,14,2,13,5,4,1,7,0
2019/4/20 10:50,12,4,24,6,1,9,9,0
2019/4/20 11:00,23,3,23,8,1,9,16,5
2019/4/20 11:10,33,6,26,11,2,41,37,6
2019/4/20 11:20,44,10,35,10,3,36,68,10
2019/4/20 11:30,49,9,81,16,4,79,55,13
2019/4/20 11:40,61,8,79,18,5,69,72,22
2019/4/20 11:50,67,7,62,27,9,91,82,15
2019/4/20 12:00,52,9,58,22,5,106,67,17
2019/4/20 12:10,48,8,52,14,10,91,54,14
2019/4/20 12:20,35,6,38,16,4,80,30,2
2019/4/20 12:30,21,12,31,6,6,45,33,7
2019/4/20 12:40,20,10,17,6,4,24,19,5
2019/4/20 12:50,9,11,12,1,7,20,6,1
2019/4/20 13:00,5,7,11,0,4,22,2,0
2019/4/20 13:10,1,3,6,2,3,8,5,0
2019/4/20 13:20,4,2,4,2,2,12,5,0
2019/4/20 13:30,1,6,2,0,5,8,1,0
2019/4/20 13:40,1,4,0,0,2,1,1,0
2019/4/20 13:50,0,5,1,0,1,0,1,0
2019/4/20 14:00,3,3,4,1,3,1,0,0
2019/4/20 14:10,4,8,1,1,1,2,0,0
2019/4/20 14:20,0,1,1,0,1,0,0,0
2019/4/20 14:30,0,4,0,0,2,0,0,0
2019/4/20 14:40,0,5,0,0,3,1,0,0
2019/4/20 14:50,1,3,0,1,3,1,0,0
2019/4/20 15:00,1,7,0,0,4,0,1,0
2019/4/20 15:10,0,8,1,0,1,0,1,0
2019/4/20 15:20,0,4,0,0,3,0,0,0
2019/4/20 15:30,0,1,0,0,1,0,0,0
2019/4/20 15:40,1,4,0,0,7,4,0,0
2019/4/20 15:50,0,3,0,0,0,0,0,0
2019/4/20 16:00,0,4,2,3,0,2,3,0
2019/4/20 16:10,3,0,4,2,3,3,0,3
2019/4/20 16:20,1,2,5,0,2,5,1,0
2019/4/20 16:30,3,2,5,1,1,3,1,2
2019/4/20 16:40,8,6,6,1,4,9,4,0
2019/4/20 16:50,4,5,13,6,2,6,6,5
2019/4/20 17:00,9,6,18,0,0,6,11,0
2019/4/20 17:10,20,7,37,2,3,14,14,0
2019/4/20 17:20,21,4,17,5,2,38,24,0
2019/4/20 17:30,34,12,32,14,1,29,40,0
2019/4/20 17:40,49,11,33,18,7,55,44,0
2019/4/20 17:50,49,12,35,24,8,75,44,0
2019/4/20 18:00,42,13,30,14,6,41,36,0
2019/4/20 18:10,43,11,26,22,3,46,32,0
2019/4/20 18:20,29,9,39,14,6,45,30,0
2019/4/20 18:30,17,16,25,6,7,41,23,0
2019/4/20 18:40,21,10,25,8,6,42,23,0
2019/4/20 18:50,9,7,15,4,4,35,13,0
2019/4/20 19:00,19,7,25,3,4,24,21,0
2019/4/20 19:10,16,13,15,7,11,12,3,0
2019/4/20 19:20,15,11,12,7,3,14,9,0
2019/4/20 19:30,17,6,15,8,4,17,5,0
2019/4/20 19:40,10,3,7,5,3,5,1,0
2019/4/20 19:50,17,11,7,1,8,7,2,0
2019/4/20 20:00,20,8,2,4,2,2,2,0
2019/4/20 20:10,11,5,3,6,1,1,0,0
2019/4/20 20:20,9,3,4,2,3,1,2,0
2019/4/20 20:30,10,12,5,2,3,1,1,0
2019/4/20 20:40,4,3,4,6,3,1,1,0
2019/4/20 20:50,7,6,2,3,1,0,1,0
2019/4/20 21:00,9,3,6,7,5,3,0,0
2019/4/20 21:10,7,5,4,5,3,1,0,0
2019/4/20 21:20,7,6,5,2,5,0,0,0
2019/4/20 21:30,7,5,3,4,8,1,0,0
2019/4/20 21:40,9,7,3,3,6,1,0,0
2019/4/20 21:50,6,4,5,5,5,1,0,0
2019/4/20 22:00,7,4,1,3,5,2,0,0
2019/4/20 22:10,11,6,0,6,1,0,0,0
2019/4/20 22:20,9,5,0,2,5,0,0,0
2019/4/20 22:30,3,7,0,1,7,0,0,0
2019/4/20 22:40,0,3,0,1,5,0,0,0
2019/4/20 22:50,0,4,0,2,3,0,0,0
2019/4/20 23:00,0,0,0,0,3,0,0,0
2019/4/20 23:10,0,0,0,0,0,0,0,0
2019/4/20 23:20,0,0,0,0,0,0,0,0
2019/4/20 23:30,0,0,1,0,0,0,0,0
2019/4/20 23:40,0,0,0,0,0,0,0,0
2019/4/20 23:50,0,0,0,0,0,0,0,0
2019/4/21 0:00,0,0,0,0,0,0,0,0
2019/4/21 0:10,0,0,0,0,0,0,0,0
2019/4/21 0:20,0,0,0,0,0,0,0,0
2019/4/21 0:30,0,0,0,0,0,0,0,0
2019/4/21 0:40,0,0,0,0,0,0,0,0
2019/4/21 0:50,0,0,0,0,0,0,0,0
2019/4/21 1:00,0,0,0,0,0,0,0,0
2019/4/21 1:10,0,0,0,0,0,0,0,0
2019/4/21 1:20,0,0,0,0,0,0,0,0
2019/4/21 1:30,0,0,0,0,0,0,0,0
2019/4/21 1:40,0,0,0,0,0,0,0,0
2019/4/21 1:50,0,0,0,0,0,0,0,0
2019/4/21 2:00,0,0,0,0,0,0,0,0
2019/4/21 2:10,0,0,0,0,0,0,0,0
2019/4/21 2:20,0,0,0,0,0,0,0,0
2019/4/21 2:30,0,0,0,0,0,0,0,0
2019/4/21 2:40,0,0,0,0,0,0,0,0
2019/4/21 2:50,0,0,0,0,0,0,0,0
2019/4/21 3:00,0,0,0,0,0,0,0,0
2019/4/21 3:10,0,0,0,0,0,0,0,0
2019/4/21 3:20,0,0,0,0,0,0,0,0
2019/4/21 3:30,0,0,0,0,0,0,0,0
2019/4/21 3:40,0,0,0,0,0,0,0,0
2019/4/21 3:50,0,0,0,0,0,0,0,0
2019/4/21 4:00,0,0,0,0,0,0,0,0
2019/4/21 4:10,0,0,0,0,0,0,0,0
2019/4/21 4:20,0,0,0,0,0,0,0,0
2019/4/21 4:30,0,0,0,0,0,0,0,0
2019/4/21 4:40,0,0,0,0,0,0,0,0
2019/4/21 4:50,0,0,0,0,0,0,0,0
2019/4/21 5:00,0,0,0,0,0,0,0,0
2019/4/21 5:10,0,0,0,0,0,0,0,0
2019/4/21 5:20,0,0,0,0,0,0,0,0
2019/4/21 5:30,0,0,0,0,0,0,0,0
2019/4/21 5:40,0,0,0,0,0,0,0,0
2019/4/21 5:50,0,0,0,0,0,0,0,0
2019/4/21 6:00,0,0,0,0,0,0,0,0
2019/4/21 6:10,1,0,0,0,0,0,0,0
2019/4/21 6:20,0,0,0,0,0,0,0,0
2019/4/21 6:30,0,0,2,0,0,0,0,0
2019/4/21 6:40,8,0,8,0,0,0,0,0
2019/4/21 6:50,15,0,7,0,0,0,0,0
2019/4/21 7:00,10,0,5,0,0,0,0,0
2019/4/21 7:10,13,0,14,1,0,0,0,0
2019/4/21 7:20,24,3,21,3,0,0,0,0
2019/4/21 7:30,26,2,32,4,1,0,0,0
2019/4/21 7:40,41,12,39,1,1,0,0,0
2019/4/21 7:50,33,9,22,4,0,0,0,0
2019/4/21 8:00,22,5,18,5,0,0,0,0
2019/4/21 8:10,39,4,20,9,3,0,0,0
2019/4/21 8:20,27,1,26,4,1,0,1,0
2019/4/21 8:30,36,5,19,5,0,0,0,0
2019/4/21 8:40,28,4,22,2,1,0,1,0
2019/4/21 8:50,44,4,25,3,2,0,0,0
2019/4/21 9:00,46,2,22,7,0,0,0,0
2019/4/21 9:10,36,8,22,2,0,0,0,0
2019/4/21 9:20,40,8,28,3,0,0,1,0
2019/4/21 9:30,36,8,18,7,1,0,0,0
2019/4/21 9:40,43,6,8,8,3,2,1,0
2019/4/21 9:50,19,10,10,4,2,0,0,0
2019/4/21 10:00,14,7,14,2,2,2,1,0
2019/4/21 10:10,6,8,11,2,3,0,1,2
2019/4/21 10:20,16,5,11,0,0,3,3,3
2019/4/21 10:30,11,2,7,0,3,2,6,6
2019/4/21 10:40,15,2,6,2,1,6,5,2
2019/4/21 10:50,11,2,13,5,1,11,9,2
2019/4/21 11:00,15,4,28,7,1,10,16,0
2019/4/21 11:10,25,8,32,6,1,25,25,0
2019/4/21 11:20,34,3,39,18,1,31,41,0
2019/4/21 11:30,75,12,48,18,7,41,43,0
2019/4/21 11:40,84,9,90,44,8,82,86,18
2019/4/21 11:50,60,13,104,25,6,112,86,49
2019/4/21 12:00,54,11,49,21,17,89,62,33
2019/4/21 12:10,60,16,31,26,9,85,38,38
2019/4/21 12:20,26,12,39,14,4,62,34,20
2019/4/21 12:30,24,12,35,21,7,41,20,20
2019/4/21 12:40,5,5,21,4,4,38,7,11
2019/4/21 12:50,5,3,7,2,4,31,12,4
2019/4/21 13:00,6,9,9,2,3,18,8,0
2019/4/21 13:10,1,6,6,1,3,12,5,0
2019/4/21 13:20,0,5,7,1,7,4,6,0
2019/4/21 13:30,0,9,2,0,0,9,2,0
2019/4/21 13:40,0,3,4,2,3,0,1,0
2019/4/21 13:50,0,3,2,0,4,2,0,0
2019/4/21 14:00,2,7,3,0,1,1,1,0
2019/4/21 14:10,3,4,1,3,5,5,0,0
2019/4/21 14:20,0,2,1,0,2,0,1,0
2019/4/21 14:30,0,0,0,0,1,1,0,0
2019/4/21 14:40,1,2,0,1,5,0,0,0
2019/4/21 14:50,1,2,0,0,0,1,1,0
2019/4/21 15:00,0,7,0,0,2,1,0,0
2019/4/21 15:10,0,3,0,0,1,0,0,0
2019/4/21 15:20,0,2,0,3,4,1,0,0
2019/4/21 15:30,0,2,0,0,3,0,0,6
2019/4/21 15:40,0,1,1,0,0,0,0,2
2019/4/21 15:50,0,1,0,0,1,1,1,3
2019/4/21 16:00,0,6,5,0,2,1,1,1
2019/4/21 16:10,0,3,6,1,3,6,1,10
2019/4/21 16:20,3,1,3,2,2,10,0,4
2019/4/21 16:30,3,4,5,0,3,12,4,10
2019/4/21 16:40,7,1,11,2,2,8,6,6
2019/4/21 16:50,3,6,11,0,1,13,9,10
2019/4/21 17:00,15,4,15,8,4,14,13,6
2019/4/21 17:10,24,7,35,8,3,42,14,0
2019/4/21 17:20,34,5,32,17,6,29,32,0
2019/4/21 17:30,36,6,34,18,0,52,44,0
2019/4/21 17:40,41,11,31,21,6,56,32,0
2019/4/21 17:50,44,4,36,10,3,56,29,0
2019/4/21 18:00,44,12,57,17,17,66,38,0
2019/4/21 18:10,41,7,36,19,7,72,31,0
2019/4/21 18:20,24,3,34,18,9,48,21,0
2019/4/21 18:30,17,9,26,15,6,35,18,0
2019/4/21 18:40,26,9,33,10,7,42,22,0
2019/4/21 18:50,18,7,37,9,4,44,24,0
2019/4/21 19:00,20,9,27,7,8,26,12,0
2019/4/21 19:10,16,11,22,4,6,22,11,0
2019/4/21 19:20,11,6,12,8,6,11,5,0
2019/4/21 19:30,16,10,14,6,7,6,2,0
2019/4/21 19:40,19,6,10,2,2,9,2,0
2019/4/21 19:50,10,6,5,3,4,5,3,0
2019/4/21 20:00,17,10,14,1,1,5,2,0
2019/4/21 20:10,8,7,3,2,3,3,0,0
2019/4/21 20:20,9,7,3,1,2,3,3,0
2019/4/21 20:30,14,4,2,4,2,0,0,0
2019/4/21 20:40,10,4,4,2,3,0,1,0
2019/4/21 20:50,15,3,3,4,5,0,1,0
2019/4/21 21:00,8,9,2,1,1,0,1,0
2019/4/21 21:10,10,4,7,5,4,0,0,0
2019/4/21 21:20,5,2,5,3,1,3,0,0
2019/4/21 21:30,6,2,2,2,3,0,0,0
2019/4/21 21:40,9,6,1,7,2,0,0,0
2019/4/21 21:50,22,13,4,13,10,4,0,0
2019/4/21 22:00,16,14,2,6,7,0,0,0
2019/4/21 22:10,15,6,1,6,2,0,0,0
2019/4/21 22:20,9,6,0,4,1,1,0,0
2019/4/21 22:30,2,1,1,2,5,1,2,0
2019/4/21 22:40,0,4,0,3,1,0,0,0
2019/4/21 22:50,0,2,0,0,0,0,0,0
2019/4/21 23:00,0,1,0,0,0,0,0,0
2019/4/21 23:10,0,2,0,0,0,0,0,0
2019/4/21 23:20,0,0,0,0,0,0,0,0
2019/4/21 23:30,0,0,0,0,0,0,0,0
2019/4/21 23:40,0,0,0,0,0,0,0,0
2019/4/21 23:50,0,0,0,0,0,0,0,0
2019/4/22 0:00,501,0,0,0,0,0,0,0
2019/4/22 0:10,0,0,0,0,0,0,0,0
2019/4/22 0:20,0,0,0,0,0,0,0,0
2019/4/22 0:30,0,0,0,0,0,0,0,0
2019/4/22 0:40,0,0,0,0,0,0,0,0
2019/4/22 0:50,0,0,0,0,0,0,0,0
2019/4/22 1:00,0,0,0,0,0,0,0,0
2019/4/22 1:10,0,0,0,0,0,0,0,0
2019/4/22 1:20,0,0,0,0,0,0,0,0
2019/4/22 1:30,0,0,0,0,0,0,0,0
2019/4/22 1:40,0,0,0,0,0,0,0,0
2019/4/22 1:50,0,0,0,0,0,0,0,0
2019/4/22 2:00,0,0,0,0,0,0,0,0
2019/4/22 2:10,0,0,0,0,0,0,0,0
2019/4/22 2:20,0,0,0,0,0,0,0,0
2019/4/22 2:30,0,0,0,0,0,0,0,0
2019/4/22 2:40,0,0,0,0,0,0,0,0
2019/4/22 2:50,0,0,0,0,0,0,0,0
2019/4/22 3:00,0,0,0,0,0,0,0,0
2019/4/22 3:10,0,0,0,0,0,0,0,0
2019/4/22 3:20,0,0,0,0,0,0,0,0
2019/4/22 3:30,0,0,0,0,0,0,0,0
2019/4/22 3:40,0,0,0,0,0,0,0,0
2019/4/22 3:50,0,0,0,0,0,0,0,0
2019/4/22 4:00,0,0,0,0,0,0,0,0
2019/4/22 4:10,0,0,0,0,0,0,0,0
2019/4/22 4:20,0,0,0,0,0,0,0,0
2019/4/22 4:30,0,0,0,0,0,0,0,0
2019/4/22 4:40,0,0,0,0,0,0,0,0
2019/4/22 4:50,0,0,0,0,0,0,0,0
2019/4/22 5:00,0,0,0,0,0,0,0,0
2019/4/22 5:10,0,0,0,0,0,0,0,0
2019/4/22 5:20,0,0,0,0,0,0,0,0
2019/4/22 5:30,0,0,0,0,0,0,0,0
2019/4/22 5:40,0,0,0,0,0,0,0,0
2019/4/22 5:50,0,0,0,0,0,0,0,0
2019/4/22 6:00,0,0,0,0,0,0,0,0
2019/4/22 6:10,0,0,0,0,0,0,0,0
2019/4/22 6:20,0,0,1,0,0,0,0,0
2019/4/22 6:30,2,1,3,0,0,0,0,0
2019/4/22 6:40,8,0,8,0,0,0,0,0
2019/4/22 6:50,16,2,11,0,0,0,0,0
2019/4/22 7:00,21,0,34,2,0,0,0,0
2019/4/22 7:10,54,2,65,3,0,0,0,0
2019/4/22 7:20,153,22,132,19,2,0,0,0
2019/4/22 7:30,276,71,207,60,1,0,0,0
2019/4/22 7:40,274,77,107,93,4,0,0,0
2019/4/22 7:50,243,50,38,64,10,0,0,0
2019/4/22 8:00,34,14,24,5,1,0,0,0
2019/4/22 8:10,34,8,13,7,1,0,0,0
2019/4/22 8:20,31,7,16,6,0,0,0,0
2019/4/22 8:30,31,3,18,2,0,0,0,9
2019/4/22 8:40,13,1,18,2,0,0,0,6
2019/4/22 8:50,23,1,14,3,0,0,0,7
2019/4/22 9:00,28,1,17,2,1,0,0,3
2019/4/22 9:10,35,4,23,4,0,0,0,15
2019/4/22 9:20,30,11,19,11,1,0,0,17
2019/4/22 9:30,72,43,46,7,6,0,0,13
2019/4/22 9:40,105,60,13,34,8,1,5,26
2019/4/22 9:50,75,22,7,25,7,9,1,56
2019/4/22 10:00,18,11,11,6,8,6,1,14
2019/4/22 10:10,6,7,8,4,1,1,1,17
2019/4/22 10:20,6,4,16,1,2,1,1,7
2019/4/22 10:30,2,7,3,0,1,1,1,6
2019/4/22 10:40,7,2,7,0,1,9,1,6
2019/4/22 10:50,5,3,14,2,0,5,4,9
2019/4/22 11:00,4,2,27,2,2,14,7,12
2019/4/22 11:10,39,1,31,9,2,27,24,33
2019/4/22 11:20,78,4,53,31,1,46,52,66
2019/4/22 11:30,107,3,66,38,3,85,56,70
2019/4/22 11:40,147,8,173,52,11,159,103,119
2019/4/22 11:50,306,29,314,178,19,311,190,167
2019/4/22 12:00,143,23,204,54,11,177,136,121
2019/4/22 12:10,82,17,110,32,7,113,111,128
2019/4/22 12:20,42,23,88,18,6,63,60,82
2019/4/22 12:30,19,16,41,9,4,31,27,51
2019/4/22 12:40,22,8,23,6,2,27,20,36
2019/4/22 12:50,7,8,15,6,5,25,13,12
2019/4/22 13:00,1,3,5,0,3,14,10,2
2019/4/22 13:10,0,1,1,2,1,6,2,0
2019/4/22 13:20,0,1,0,1,1,1,0,0
2019/4/22 13:30,0,0,0,1,1,2,0,0
2019/4/22 13:40,0,3,0,1,1,0,0,0
2019/4/22 13:50,0,2,0,0,1,0,0,0
2019/4/22 14:00,0,6,0,0,0,0,0,0
2019/4/22 14:10,0,25,0,0,5,0,0,0
2019/4/22 14:20,0,9,0,0,6,0,0,0
2019/4/22 14:30,0,2,0,0,1,0,0,0
2019/4/22 14:40,0,2,0,0,5,0,0,0
2019/4/22 14:50,0,4,0,0,1,0,0,0
2019/4/22 15:00,1,1,0,1,1,0,0,0
2019/4/22 15:10,0,0,0,5,4,0,0,0
2019/4/22 15:20,4,2,1,5,1,1,0,0
2019/4/22 15:30,0,2,1,3,2,2,0,5
2019/4/22 15:40,0,3,2,0,4,1,0,3
2019/4/22 15:50,0,2,0,1,1,2,0,7
2019/4/22 16:00,1,5,1,0,10,2,0,10
2019/4/22 16:10,19,19,15,7,12,16,5,27
2019/4/22 16:20,60,61,71,30,20,58,22,79
2019/4/22 16:30,40,52,92,29,16,51,40,50
2019/4/22 16:40,32,12,33,8,6,37,27,40
2019/4/22 16:50,27,17,40,8,5,24,25,30
2019/4/22 17:00,21,20,45,19,4,32,36,35
2019/4/22 17:10,34,24,46,14,3,43,37,35
2019/4/22 17:20,48,9,44,21,4,35,42,45
2019/4/22 17:30,76,13,61,46,4,60,67,4
2019/4/22 17:40,56,12,39,15,7,62,65,1
2019/4/22 17:50,66,10,62,22,10,82,50,0
2019/4/22 18:00,120,17,85,47,16,163,78,0
2019/4/22 18:10,115,9,78,52,2,125,66,0
2019/4/22 18:20,44,17,37,18,9,67,70,0
2019/4/22 18:30,34,12,47,10,7,59,25,0
2019/4/22 18:40,25,7,36,11,9,36,18,0
2019/4/22 18:50,19,12,29,9,7,72,23,0
2019/4/22 19:00,15,11,36,6,3,57,8,0
2019/4/22 19:10,17,18,33,7,12,18,8,0
2019/4/22 19:20,18,10,15,7,7,17,4,0
2019/4/22 19:30,14,13,9,3,2,7,3,0
2019/4/22 19:40,12,4,5,4,3,5,3,0
2019/4/22 19:50,7,4,10,5,2,7,1,0
2019/4/22 20:00,11,12,7,3,6,2,2,0
2019/4/22 20:10,10,7,5,3,7,1,2,0
2019/4/22 20:20,13,8,6,3,3,0,1,0
2019/4/22 20:30,3,9,4,4,3,1,2,0
2019/4/22 20:40,9,8,7,6,3,1,0,0
2019/4/22 20:50,13,8,2,2,4,0,0,0
2019/4/22 21:00,6,4,9,2,2,0,1,0
2019/4/22 21:10,25,17,4,10,7,0,0,0
2019/4/22 21:20,36,26,6,18,10,8,1,0
2019/4/22 21:30,9,19,3,18,20,2,0,0
2019/4/22 21:40,15,14,2,7,4,1,1,0
2019/4/22 21:50,19,15,4,5,6,1,2,0
2019/4/22 22:00,27,19,4,9,12,2,1,0
2019/4/22 22:10,17,4,3,5,9,1,0,0
2019/4/22 22:20,9,3,4,1,8,1,0,0
2019/4/22 22:30,1,11,0,2,3,1,0,0
2019/4/22 22:40,1,9,0,0,11,0,0,0
2019/4/22 22:50,2,10,0,0,2,0,0,0
2019/4/22 23:00,0,3,0,0,0,0,0,0
2019/4/22 23:10,0,0,0,0,0,0,0,0
2019/4/22 23:20,0,0,0,0,0,0,0,0
2019/4/22 23:30,0,0,0,0,0,0,0,0
2019/4/22 23:40,0,0,0,0,0,0,0,0
2019/4/22 23:50,0,0,0,0,0,0,0,0
2019/4/23 0:00,0,0,0,0,0,0,0,0
2019/4/23 0:10,0,0,0,0,0,0,0,0
2019/4/23 0:20,0,0,0,0,0,0,0,0
2019/4/23 0:30,0,0,0,0,0,0,0,0
2019/4/23 0:40,0,0,0,24,0,0,0,0
2019/4/23 0:50,0,0,0,21,0,0,0,0
2019/4/23 1:00,0,0,0,21,0,0,0,0
2019/4/23 1:10,0,0,0,13,0,0,0,0
2019/4/23 1:20,0,0,0,7,0,0,0,0
2019/4/23 1:30,0,0,0,6,0,0,0,0
2019/4/23 1:40,0,0,0,3,0,0,0,0
2019/4/23 1:50,0,0,0,0,0,0,0,0
2019/4/23 2:00,0,0,0,0,0,0,0,0
2019/4/23 2:10,0,0,0,0,0,0,0,0
2019/4/23 2:20,0,0,0,0,0,0,0,0
2019/4/23 2:30,0,0,0,0,0,0,0,0
2019/4/23 2:40,0,0,0,0,0,0,0,0
2019/4/23 2:50,0,0,0,0,0,0,0,0
2019/4/23 3:00,0,0,0,0,0,0,0,0
2019/4/23 3:10,0,0,0,0,0,0,0,0
2019/4/23 3:20,0,0,0,0,0,0,0,0
2019/4/23 3:30,0,0,0,0,0,0,0,0
2019/4/23 3:40,0,0,0,0,0,0,0,0
2019/4/23 3:50,0,0,0,0,0,0,0,0
2019/4/23 4:00,0,0,0,0,0,0,0,0
2019/4/23 4:10,0,0,0,0,0,0,0,0
2019/4/23 4:20,0,0,0,0,0,0,0,0
2019/4/23 4:30,0,0,0,0,0,0,0,0
2019/4/23 4:40,0,0,0,0,0,0,0,0
2019/4/23 4:50,0,0,0,0,0,0,0,0
2019/4/23 5:00,0,0,0,0,0,0,0,0
2019/4/23 5:10,0,0,0,0,0,0,0,0
2019/4/23 5:20,0,0,0,0,0,0,0,0
2019/4/23 5:30,0,0,0,0,0,0,0,0
2019/4/23 5:40,0,0,0,0,0,0,0,0
2019/4/23 5:50,0,0,0,0,0,0,0,0
2019/4/23 6:00,0,0,0,0,0,0,0,0
2019/4/23 6:10,0,0,0,0,0,0,0,0
2019/4/23 6:20,0,1,1,0,0,0,0,0
2019/4/23 6:30,3,0,5,0,0,0,0,0
2019/4/23 6:40,9,1,7,3,0,0,0,0
2019/4/23 6:50,15,0,25,0,1,0,0,0
2019/4/23 7:00,18,2,37,2,0,0,0,0
2019/4/23 7:10,51,2,82,4,1,0,0,0
2019/4/23 7:20,182,46,147,44,3,0,0,0
2019/4/23 7:30,408,125,256,169,6,0,1,0
2019/4/23 7:40,320,104,139,102,8,0,0,0
2019/4/23 7:50,279,52,32,72,6,0,0,0
2019/4/23 8:00,56,7,33,17,0,0,0,0
2019/4/23 8:10,23,11,29,2,0,0,0,0
2019/4/23 8:20,19,2,21,2,1,0,0,0
2019/4/23 8:30,20,6,9,1,0,0,0,0
2019/4/23 8:40,33,4,18,3,2,0,1,5
2019/4/23 8:50,40,0,15,9,0,0,1,7
2019/4/23 9:00,20,2,9,11,1,0,2,4
2019/4/23 9:10,15,2,11,12,1,0,0,1
2019/4/23 9:20,25,6,19,12,1,0,0,1
2019/4/23 9:30,51,37,32,18,4,0,0,11
2019/4/23 9:40,83,62,12,29,4,0,0,14
2019/4/23 9:50,53,16,6,20,10,8,4,14
2019/4/23 10:00,14,1,3,6,6,4,3,8
2019/4/23 10:10,4,6,4,1,2,0,4,5
2019/4/23 10:20,7,5,0,4,1,3,0,3
2019/4/23 10:30,5,3,1,0,2,0,1,1
2019/4/23 10:40,10,4,9,5,0,4,1,6
2019/4/23 10:50,8,1,4,8,0,6,3,6
2019/4/23 11:00,12,0,16,5,0,13,7,22
2019/4/23 11:10,26,1,24,12,1,13,23,12
2019/4/23 11:20,54,1,17,24,2,51,37,27
2019/4/23 11:30,94,3,47,39,9,82,37,45
2019/4/23 11:40,293,3,130,132,13,236,111,96
2019/4/23 11:50,299,28,366,189,14,383,244,152
2019/4/23 12:00,91,29,241,47,8,204,224,72
2019/4/23 12:10,68,29,128,28,7,109,88,62
2019/4/23 12:20,29,21,56,12,5,57,53,47
2019/4/23 12:30,36,16,29,10,2,54,25,22
2019/4/23 12:40,15,12,28,11,2,19,27,11
2019/4/23 12:50,12,5,12,8,1,12,15,9
2019/4/23 13:00,5,3,7,2,8,17,2,2
2019/4/23 13:10,1,4,3,0,1,4,1,0
2019/4/23 13:20,1,1,0,0,0,4,0,0
2019/4/23 13:30,1,3,0,0,1,5,0,0
2019/4/23 13:40,3,1,1,0,0,1,0,0
2019/4/23 13:50,2,4,0,0,1,2,0,0
2019/4/23 14:00,3,3,2,1,0,1,0,0
2019/4/23 14:10,2,25,0,3,7,0,0,0
2019/4/23 14:20,6,5,0,1,4,0,0,0
2019/4/23 14:30,4,2,0,2,1,0,0,0
2019/4/23 14:40,0,1,0,0,3,1,0,0
2019/4/23 14:50,0,1,0,0,0,0,1,0
2019/4/23 15:00,0,0,0,0,2,0,0,0
2019/4/23 15:10,0,5,0,0,1,0,0,0
2019/4/23 15:20,0,2,0,2,1,1,0,0
2019/4/23 15:30,1,3,0,0,1,1,0,1
2019/4/23 15:40,1,3,0,0,1,0,0,0
2019/4/23 15:50,1,4,0,1,2,2,0,0
2019/4/23 16:00,2,2,0,3,1,2,0,4
2019/4/23 16:10,10,8,8,3,6,16,2,19
2019/4/23 16:20,72,61,70,34,23,79,28,39
2019/4/23 16:30,47,38,68,23,6,27,68,28
2019/4/23 16:40,26,12,37,9,5,21,23,12
2019/4/23 16:50,20,12,30,5,5,26,18,9
2019/4/23 17:00,29,5,26,8,3,21,34,16
2019/4/23 17:10,29,6,27,22,6,42,18,14
2019/4/23 17:20,33,11,33,22,3,37,33,17
2019/4/23 17:30,47,18,55,21,7,52,41,2
2019/4/23 17:40,60,11,64,29,3,76,58,0
2019/4/23 17:50,68,15,39,26,7,73,62,0
2019/4/23 18:00,150,29,72,78,13,175,59,0
2019/4/23 18:10,66,20,80,33,12,142,87,0
2019/4/23 18:20,23,10,35,11,14,69,46,0
2019/4/23 18:30,23,9,38,13,7,59,35,0
2019/4/23 18:40,23,14,35,11,5,62,22,0
2019/4/23 18:50,13,9,31,4,3,28,13,0
2019/4/23 19:00,16,6,39,9,1,39,14,0
2019/4/23 19:10,18,14,31,9,11,17,8,0
2019/4/23 19:20,22,6,19,6,5,20,10,0
2019/4/23 19:30,13,7,11,9,3,7,1,0
2019/4/23 19:40,21,4,5,5,4,5,5,0
2019/4/23 19:50,14,4,5,5,0,9,3,0
2019/4/23 20:00,15,3,8,3,3,5,1,0
2019/4/23 20:10,8,8,6,3,1,1,0,0
2019/4/23 20:20,17,7,1,3,1,2,1,0
2019/4/23 20:30,9,7,2,3,1,0,0,0
2019/4/23 20:40,7,5,2,2,2,0,1,0
2019/4/23 20:50,2,4,1,2,1,0,0,0
2019/4/23 21:00,4,6,7,2,1,1,0,0
2019/4/23 21:10,34,20,1,17,8,2,0,0
2019/4/23 21:20,53,28,8,17,13,3,0,0
2019/4/23 21:30,18,6,7,8,3,0,0,0
2019/4/23 21:40,18,18,6,12,5,2,0,0
2019/4/23 21:50,28,18,2,16,1,2,1,0
2019/4/23 22:00,18,31,3,19,11,1,0,0
2019/4/23 22:10,12,13,0,13,2,1,0,0
2019/4/23 22:20,8,7,0,15,6,0,0,0
2019/4/23 22:30,3,4,0,4,4,0,0,0
2019/4/23 22:40,2,6,0,4,2,0,0,0
2019/4/23 22:50,0,5,0,5,3,0,0,0
2019/4/23 23:00,0,1,0,0,1,0,0,0
2019/4/23 23:10,0,0,0,0,0,0,0,0
2019/4/23 23:20,0,0,0,0,0,0,0,0
2019/4/23 23:30,0,0,0,0,0,0,0,0
2019/4/23 23:40,0,0,1,0,0,0,0,0
2019/4/23 23:50,0,0,0,0,0,0,0,0
2019/4/24 0:00,361,0,0,0,0,0,0,0
2019/4/24 0:10,0,0,0,0,0,0,0,0
2019/4/24 0:20,0,0,0,0,0,0,0,0
2019/4/24 0:30,0,0,0,0,0,2,0,0
2019/4/24 0:40,0,0,0,0,0,0,0,0
2019/4/24 0:50,0,0,0,0,0,0,0,0
2019/4/24 1:00,0,0,0,0,0,1,0,0
2019/4/24 1:10,0,0,0,0,0,1,0,0
2019/4/24 1:20,0,0,0,0,0,0,0,0
2019/4/24 1:30,0,0,0,0,0,0,0,0
2019/4/24 1:40,0,0,0,0,0,0,0,0
2019/4/24 1:50,0,0,0,0,0,0,0,0
2019/4/24 2:00,0,0,0,0,0,0,0,0
2019/4/24 2:10,0,0,0,0,0,0,0,0
2019/4/24 2:20,0,0,0,0,0,0,0,0
2019/4/24 2:30,0,0,0,0,0,0,0,0
2019/4/24 2:40,0,0,0,0,0,0,0,0
2019/4/24 2:50,0,0,0,0,0,0,0,0
2019/4/24 3:00,0,0,0,0,0,0,0,0
2019/4/24 3:10,0,0,0,0,0,0,0,0
2019/4/24 3:20,0,0,0,0,0,0,0,0
2019/4/24 3:30,0,0,0,0,0,0,0,0
2019/4/24 3:40,0,0,0,0,0,0,0,0
2019/4/24 3:50,0,0,0,0,0,0,0,0
2019/4/24 4:00,0,0,0,0,0,0,0,0
2019/4/24 4:10,0,0,0,0,0,0,0,0
2019/4/24 4:20,0,0,0,0,0,0,0,0
2019/4/24 4:30,0,0,0,0,0,0,0,0
2019/4/24 4:40,0,0,0,0,0,0,0,0
2019/4/24 4:50,0,0,0,0,0,0,0,0
2019/4/24 5:00,0,0,0,0,0,0,0,0
2019/4/24 5:10,0,0,0,0,0,0,0,0
2019/4/24 5:20,0,0,0,0,0,0,0,0
2019/4/24 5:30,0,0,0,0,0,0,0,0
2019/4/24 5:40,0,0,0,0,0,0,0,0
2019/4/24 5:50,0,0,0,0,0,0,0,0
2019/4/24 6:00,0,0,0,0,0,0,0,0
2019/4/24 6:10,0,0,0,0,0,0,0,0
2019/4/24 6:20,1,3,0,0,0,0,0,0
2019/4/24 6:30,2,0,4,0,0,0,0,0
2019/4/24 6:40,6,1,16,0,0,0,0,0
2019/4/24 6:50,11,1,9,3,0,0,0,0
2019/4/24 7:00,25,0,35,6,1,0,0,0
2019/4/24 7:10,40,3,71,12,0,0,1,0
2019/4/24 7:20,150,27,216,36,2,0,4,0
2019/4/24 7:30,307,111,275,94,4,0,4,0
2019/4/24 7:40,277,125,152,110,1,0,4,0
2019/4/24 7:50,240,54,30,108,4,0,0,0
2019/4/24 8:00,65,6,29,19,0,0,1,0
2019/4/24 8:10,40,13,19,15,1,0,0,0
2019/4/24 8:20,31,7,20,7,2,0,2,0
2019/4/24 8:30,42,3,16,6,0,0,0,1
2019/4/24 8:40,27,3,12,6,2,0,0,3
2019/4/24 8:50,33,8,9,10,2,0,0,8
2019/4/24 9:00,28,2,6,8,1,0,0,3
2019/4/24 9:10,23,3,12,4,0,0,0,2
2019/4/24 9:20,18,7,23,7,1,0,1,8
2019/4/24 9:30,84,20,46,33,1,0,3,13
2019/4/24 9:40,114,51,23,34,4,0,0,19
2019/4/24 9:50,54,21,10,36,10,3,0,26
2019/4/24 10:00,6,2,9,6,0,0,8,5
2019/4/24 10:10,12,4,4,4,1,1,1,0
2019/4/24 10:20,5,4,12,2,4,1,0,8
2019/4/24 10:30,4,1,1,1,0,6,0,0
2019/4/24 10:40,6,4,6,0,3,1,2,3
2019/4/24 10:50,7,1,8,0,2,10,1,4
2019/4/24 11:00,20,1,14,5,1,28,13,23
2019/4/24 11:10,29,1,20,8,1,28,14,22
2019/4/24 11:20,43,2,26,16,0,41,24,20
2019/4/24 11:30,88,5,41,41,4,69,42,32
2019/4/24 11:40,169,12,151,79,11,240,107,66
2019/4/24 11:50,320,20,356,163,16,376,233,91
2019/4/24 12:00,109,19,252,75,10,206,229,105
2019/4/24 12:10,69,26,91,41,10,118,123,47
2019/4/24 12:20,48,26,63,17,7,57,43,33
2019/4/24 12:30,22,12,28,9,6,23,33,19
2019/4/24 12:40,25,8,16,13,8,19,27,7
2019/4/24 12:50,23,6,6,4,4,15,7,5
2019/4/24 13:00,4,4,3,0,3,7,1,0
2019/4/24 13:10,1,4,1,0,5,6,0,0
2019/4/24 13:20,0,1,0,1,2,2,0,0
2019/4/24 13:30,0,2,0,1,0,2,0,0
2019/4/24 13:40,0,3,0,0,0,0,0,0
2019/4/24 13:50,0,1,0,0,0,0,0,0
2019/4/24 14:00,0,0,0,0,0,0,0,0
2019/4/24 14:10,0,12,0,0,7,0,0,0
2019/4/24 14:20,0,12,0,0,2,0,0,0
2019/4/24 14:30,0,4,0,0,5,0,0,0
2019/4/24 14:40,0,2,0,0,1,0,0,0
2019/4/24 14:50,0,1,0,0,1,0,0,0
2019/4/24 15:00,1,3,0,0,3,0,1,0
2019/4/24 15:10,5,3,1,2,1,3,1,0
2019/4/24 15:20,11,2,0,4,3,1,1,0
2019/4/24 15:30,2,1,1,0,6,0,0,2
2019/4/24 15:40,1,2,1,0,2,0,1,1
2019/4/24 15:50,2,7,2,1,4,0,0,3
2019/4/24 16:00,2,5,1,2,10,0,0,9
2019/4/24 16:10,10,18,11,7,8,13,5,4
2019/4/24 16:20,63,29,69,18,20,72,31,41
2019/4/24 16:30,38,39,91,22,4,28,58,19
2019/4/24 16:40,15,17,34,8,8,24,19,12
2019/4/24 16:50,30,10,39,9,3,16,20,14
2019/4/24 17:00,30,7,31,10,1,31,27,8
2019/4/24 17:10,33,7,55,17,3,29,27,12
2019/4/24 17:20,63,15,38,17,5,85,45,22
2019/4/24 17:30,72,3,35,17,5,51,60,6
2019/4/24 17:40,44,10,46,20,2,47,43,0
2019/4/24 17:50,65,8,32,24,6,82,32,0
2019/4/24 18:00,56,11,37,13,10,71,32,0
2019/4/24 18:10,53,14,58,15,9,45,56,0
2019/4/24 18:20,67,7,44,25,1,51,40,0
2019/4/24 18:30,27,6,32,8,7,44,27,0
2019/4/24 18:40,18,3,36,10,6,34,28,0
2019/4/24 18:50,23,13,20,9,5,51,19,0
2019/4/24 19:00,25,10,34,10,6,51,11,0
2019/4/24 19:10,27,21,29,14,3,24,9,0
2019/4/24 19:20,19,9,25,7,7,14,6,0
2019/4/24 19:30,14,9,10,3,4,11,4,0
2019/4/24 19:40,13,8,14,2,2,5,1,0
2019/4/24 19:50,9,6,9,1,5,6,3,0
2019/4/24 20:00,15,7,9,2,2,9,0,0
2019/4/24 20:10,7,3,4,1,3,3,0,0
2019/4/24 20:20,11,7,2,5,3,2,0,0
2019/4/24 20:30,16,4,6,3,3,0,0,0
2019/4/24 20:40,10,2,4,4,3,0,1,0
2019/4/24 20:50,6,4,2,3,2,2,1,0
2019/4/24 21:00,5,3,1,4,3,0,0,0
2019/4/24 21:10,28,22,1,14,9,0,0,0
2019/4/24 21:20,58,28,12,17,28,3,0,0
2019/4/24 21:30,24,21,2,13,12,3,1,0
2019/4/24 21:40,19,11,3,10,11,1,0,0
2019/4/24 21:50,34,41,8,16,9,1,1,0
2019/4/24 22:00,34,22,4,22,8,4,0,0
2019/4/24 22:10,12,7,2,5,5,0,0,0
2019/4/24 22:20,7,4,0,3,5,0,0,0
2019/4/24 22:30,1,6,0,3,2,1,0,0
2019/4/24 22:40,5,7,0,1,2,0,0,0
2019/4/24 22:50,0,5,0,1,3,0,0,0
2019/4/24 23:00,1,1,0,1,0,0,0,0
2019/4/24 23:10,0,0,0,0,0,0,0,0
2019/4/24 23:20,0,0,0,0,0,0,0,0
2019/4/24 23:30,0,0,0,0,0,0,0,0
2019/4/24 23:40,0,0,0,0,0,0,0,0
2019/4/24 23:50,0,0,0,0,0,0,0,0
2019/4/25 0:00,0,0,0,0,0,0,0,0
2019/4/25 0:10,0,0,0,0,0,0,0,0
2019/4/25 0:20,0,0,0,0,0,0,0,0
2019/4/25 0:30,0,0,0,0,0,0,0,0
2019/4/25 0:40,0,0,0,0,0,0,0,0
2019/4/25 0:50,0,0,0,0,0,0,0,0
2019/4/25 1:00,0,0,0,0,0,0,0,0
2019/4/25 1:10,0,0,0,0,0,0,0,0
2019/4/25 1:20,0,0,0,0,0,0,0,0
2019/4/25 1:30,0,0,0,0,0,0,0,0
2019/4/25 1:40,0,0,0,0,0,0,0,0
2019/4/25 1:50,0,0,0,0,0,0,0,0
2019/4/25 2:00,0,0,0,0,0,0,0,0
2019/4/25 2:10,0,0,0,0,0,0,0,0
2019/4/25 2:20,0,0,0,0,0,0,0,0
2019/4/25 2:30,0,0,0,0,0,0,0,0
2019/4/25 2:40,0,0,0,0,0,0,0,0
2019/4/25 2:50,0,0,0,0,0,0,0,0
2019/4/25 3:00,0,0,0,0,0,0,0,0
2019/4/25 3:10,0,0,0,0,0,0,0,0
2019/4/25 3:20,0,0,0,0,0,0,0,0
2019/4/25 3:30,0,0,0,0,0,0,0,0
2019/4/25 3:40,0,0,0,0,0,0,0,0
2019/4/25 3:50,0,0,0,0,0,0,0,0
2019/4/25 4:00,0,0,0,0,0,0,0,0
2019/4/25 4:10,0,0,0,0,0,0,0,0
2019/4/25 4:20,0,0,0,0,0,0,0,0
2019/4/25 4:30,0,0,0,0,0,0,0,0
2019/4/25 4:40,0,0,0,0,0,0,0,0
2019/4/25 4:50,0,0,0,0,0,0,0,0
2019/4/25 5:00,0,0,0,0,0,0,0,0
2019/4/25 5:10,0,0,0,0,0,0,0,0
2019/4/25 5:20,0,0,0,0,0,0,0,0
2019/4/25 5:30,0,0,0,0,0,0,0,0
2019/4/25 5:40,0,0,0,0,0,0,0,0
2019/4/25 5:50,0,0,0,0,0,0,0,0
2019/4/25 6:00,0,0,0,0,0,0,0,0
2019/4/25 6:10,0,0,0,0,0,0,0,0
2019/4/25 6:20,0,0,0,0,0,0,0,0
2019/4/25 6:30,7,0,2,0,0,0,0,0
2019/4/25 6:40,7,4,10,2,0,0,0,0
2019/4/25 6:50,16,2,13,3,0,0,0,0
2019/4/25 7:00,19,1,37,5,1,0,0,0
2019/4/25 7:10,47,9,70,13,0,0,1,0
2019/4/25 7:20,157,60,139,56,0,0,4,0
2019/4/25 7:30,289,101,257,145,2,0,5,0
2019/4/25 7:40,299,105,175,100,2,0,4,0
2019/4/25 7:50,226,34,38,87,5,0,1,0
2019/4/25 8:00,76,2,33,17,4,0,1,0
2019/4/25 8:10,59,12,23,19,1,0,1,0
2019/4/25 8:20,37,4,22,7,0,0,1,1
2019/4/25 8:30,26,1,17,11,3,0,0,2
2019/4/25 8:40,23,7,12,11,1,0,0,4
2019/4/25 8:50,41,4,16,7,1,0,1,5
2019/4/25 9:00,24,3,7,11,2,0,1,2
2019/4/25 9:10,21,3,9,2,1,0,1,3
2019/4/25 9:20,18,8,20,4,3,0,0,6
2019/4/25 9:30,57,32,40,10,3,0,5,10
2019/4/25 9:40,89,61,20,24,5,0,0,20
2019/4/25 9:50,83,43,12,39,10,4,0,20
2019/4/25 10:00,13,16,9,7,7,10,3,12
2019/4/25 10:10,4,1,2,5,1,4,3,3
2019/4/25 10:20,2,2,5,1,3,4,2,3
2019/4/25 10:30,2,2,5,2,3,4,2,6
2019/4/25 10:40,11,1,1,2,2,5,5,1
2019/4/25 10:50,12,5,10,3,4,6,13,4
2019/4/25 11:00,19,1,24,7,0,17,17,6
2019/4/25 11:10,27,4,30,9,2,23,24,17
2019/4/25 11:20,24,2,32,6,3,49,34,23
2019/4/25 11:30,118,5,55,34,5,98,68,38
2019/4/25 11:40,156,7,82,61,13,170,79,35
2019/4/25 11:50,273,41,297,142,13,370,200,85
2019/4/25 12:00,76,23,208,27,16,189,164,31
2019/4/25 12:10,58,26,144,31,9,111,89,49
2019/4/25 12:20,50,19,65,17,17,76,48,25
2019/4/25 12:30,35,15,30,10,6,38,46,16
2019/4/25 12:40,16,6,20,12,7,28,33,12
2019/4/25 12:50,11,12,20,10,5,25,12,6
2019/4/25 13:00,3,11,10,0,2,13,5,1
2019/4/25 13:10,0,7,5,1,4,12,5,0
2019/4/25 13:20,1,8,2,0,1,3,1,0
2019/4/25 13:30,2,0,1,0,0,0,2,0
2019/4/25 13:40,0,8,1,0,2,3,0,0
2019/4/25 13:50,3,11,0,0,3,2,0,0
2019/4/25 14:00,0,3,0,0,6,1,0,0
2019/4/25 14:10,2,5,1,1,5,0,0,0
2019/4/25 14:20,2,3,0,1,6,1,0,0
2019/4/25 14:30,0,3,1,1,3,1,0,0
2019/4/25 14:40,1,3,0,0,2,0,0,0
2019/4/25 14:50,0,4,0,0,1,1,1,0
2019/4/25 15:00,0,3,0,0,1,1,0,0
2019/4/25 15:10,1,6,1,0,1,0,0,0
2019/4/25 15:20,0,7,0,0,0,0,2,0
2019/4/25 15:30,0,4,0,1,5,0,0,2
2019/4/25 15:40,2,10,1,0,4,0,0,1
2019/4/25 15:50,1,23,0,1,6,4,1,2
2019/4/25 16:00,9,24,4,1,9,3,3,7
2019/4/25 16:10,7,10,12,3,6,14,0,3
2019/4/25 16:20,13,11,13,4,11,3,10,5
2019/4/25 16:30,12,9,17,8,11,14,8,9
2019/4/25 16:40,9,13,14,9,4,15,18,4
2019/4/25 16:50,20,18,14,5,2,8,14,8
2019/4/25 17:00,36,9,29,8,6,42,26,8
2019/4/25 17:10,18,8,48,21,7,40,36,14
2019/4/25 17:20,36,10,41,20,3,46,40,15
2019/4/25 17:30,52,10,63,25,8,46,49,3
2019/4/25 17:40,51,4,57,18,14,57,63,0
2019/4/25 17:50,93,14,62,17,7,71,54,0
2019/4/25 18:00,60,11,44,23,6,58,54,0
2019/4/25 18:10,66,6,46,27,16,65,64,0
2019/4/25 18:20,57,6,39,12,7,67,62,0
2019/4/25 18:30,41,7,29,23,8,74,42,0
2019/4/25 18:40,28,10,49,4,3,67,44,0
2019/4/25 18:50,21,14,54,15,10,38,28,0
2019/4/25 19:00,15,10,39,13,6,62,19,0
2019/4/25 19:10,30,20,24,6,4,44,19,0
2019/4/25 19:20,26,13,21,10,5,28,10,0
2019/4/25 19:30,17,9,19,2,4,11,6,0
2019/4/25 19:40,16,8,10,0,1,8,3,0
2019/4/25 19:50,16,5,9,5,6,5,1,0
2019/4/25 20:00,9,3,8,2,3,4,2,0
2019/4/25 20:10,11,2,6,10,0,1,1,0
2019/4/25 20:20,16,7,5,7,4,5,0,0
2019/4/25 20:30,9,9,4,5,8,2,0,0
2019/4/25 20:40,11,7,3,3,3,1,0,0
2019/4/25 20:50,20,8,5,11,4,2,0,0
2019/4/25 21:00,11,13,5,10,6,3,0,0
2019/4/25 21:10,27,22,7,17,6,0,0,0
2019/4/25 21:20,25,35,9,14,9,1,1,0
2019/4/25 21:30,13,4,8,14,1,0,0,0
2019/4/25 21:40,17,12,4,18,6,2,0,0
2019/4/25 21:50,12,39,9,7,6,1,0,0
2019/4/25 22:00,22,24,8,20,10,2,0,0
2019/4/25 22:10,8,8,7,11,4,1,0,0
2019/4/25 22:20,4,4,0,1,6,2,0,0
2019/4/25 22:30,1,7,0,5,3,1,0,0
2019/4/25 22:40,0,2,0,3,2,0,0,0
2019/4/25 22:50,0,4,0,3,3,0,0,0
2019/4/25 23:00,0,1,0,3,1,0,0,0
2019/4/25 23:10,0,0,0,0,0,0,0,0
2019/4/25 23:20,0,0,0,1,0,0,0,0
2019/4/25 23:30,0,0,0,0,0,0,0,0
2019/4/25 23:40,0,0,0,0,0,0,0,0
2019/4/25 23:50,0,0,0,0,0,0,0,0
2019/4/26 0:00,428,0,0,0,0,0,0,0
2019/4/26 0:10,0,0,0,0,0,0,0,0
2019/4/26 0:20,0,0,0,0,0,0,0,0
2019/4/26 0:30,0,0,1,0,0,0,0,0
2019/4/26 0:40,0,0,0,0,0,0,0,0
2019/4/26 0:50,0,0,0,0,0,0,0,0
2019/4/26 1:00,0,0,0,0,0,0,0,0
2019/4/26 1:10,0,0,0,0,0,0,0,0
2019/4/26 1:20,0,0,0,0,0,0,0,0
2019/4/26 1:30,0,0,0,0,0,0,0,0
2019/4/26 1:40,0,0,0,0,0,0,0,0
2019/4/26 1:50,0,0,0,0,0,0,0,0
2019/4/26 2:00,0,0,0,0,0,0,0,0
2019/4/26 2:10,0,0,0,0,0,0,0,0
2019/4/26 2:20,0,0,0,0,0,0,0,0
2019/4/26 2:30,0,0,0,0,0,0,0,0
2019/4/26 2:40,0,0,0,0,0,0,0,0
2019/4/26 2:50,0,0,0,0,0,0,0,0
2019/4/26 3:00,0,0,0,0,0,0,0,0
2019/4/26 3:10,0,0,0,0,0,0,0,0
2019/4/26 3:20,0,0,0,0,0,0,0,0
2019/4/26 3:30,0,0,0,0,0,0,0,0
2019/4/26 3:40,0,0,0,0,0,0,0,0
2019/4/26 3:50,0,0,0,0,0,0,0,0
2019/4/26 4:00,0,0,0,0,0,0,0,0
2019/4/26 4:10,0,0,0,0,0,0,0,0
2019/4/26 4:20,0,0,0,0,0,0,0,0
2019/4/26 4:30,0,0,0,0,0,0,0,0
2019/4/26 4:40,0,0,0,0,0,0,0,0
2019/4/26 4:50,0,0,0,0,0,0,0,0
2019/4/26 5:00,0,0,0,0,0,0,0,0
2019/4/26 5:10,0,0,0,0,0,0,0,0
2019/4/26 5:20,0,0,0,0,0,0,0,0
2019/4/26 5:30,0,0,0,0,0,0,0,0
2019/4/26 5:40,0,0,0,0,0,0,0,0
2019/4/26 5:50,0,0,0,0,0,0,0,0
2019/4/26 6:00,0,0,0,0,0,0,0,0
2019/4/26 6:10,0,0,0,0,0,0,0,0
2019/4/26 6:20,1,0,0,0,0,0,0,0
2019/4/26 6:30,3,0,3,0,0,0,0,0
2019/4/26 6:40,8,2,5,3,0,0,0,0
2019/4/26 6:50,10,0,16,2,0,0,0,0
2019/4/26 7:00,29,1,32,12,0,0,0,0
2019/4/26 7:10,47,3,73,11,0,0,0,0
2019/4/26 7:20,116,10,157,22,0,0,0,0
2019/4/26 7:30,264,82,254,113,1,0,0,0
2019/4/26 7:40,261,131,140,92,6,0,1,0
2019/4/26 7:50,207,48,36,67,1,0,0,0
2019/4/26 8:00,58,7,49,19,0,0,0,0
2019/4/26 8:10,58,17,36,9,0,0,0,0
2019/4/26 8:20,53,7,21,13,0,0,0,0
2019/4/26 8:30,30,4,12,10,2,0,0,2
2019/4/26 8:40,37,3,9,9,2,0,0,1
2019/4/26 8:50,38,6,9,9,2,0,0,2
2019/4/26 9:00,34,2,11,13,0,0,1,1
2019/4/26 9:10,26,8,17,2,3,0,0,3
2019/4/26 9:20,26,16,17,3,3,0,3,3
2019/4/26 9:30,66,29,22,15,3,0,5,7
2019/4/26 9:40,89,62,13,17,3,0,2,9
2019/4/26 9:50,39,33,9,13,5,6,2,8
2019/4/26 10:00,7,7,10,4,1,6,3,5
2019/4/26 10:10,9,1,5,2,2,1,2,6
2019/4/26 10:20,3,2,8,2,5,3,0,10
2019/4/26 10:30,2,5,5,1,2,5,3,6
2019/4/26 10:40,12,5,18,0,5,5,11,7
2019/4/26 10:50,9,5,12,0,0,12,23,11
2019/4/26 11:00,6,2,11,3,0,21,15,7
2019/4/26 11:10,32,3,15,7,2,20,23,12
2019/4/26 11:20,62,3,16,19,8,56,41,19
2019/4/26 11:30,75,5,54,20,2,119,38,34
2019/4/26 11:40,121,5,113,44,7,135,95,33
2019/4/26 11:50,241,27,264,103,12,329,182,79
2019/4/26 12:00,113,16,171,47,7,142,157,59
2019/4/26 12:10,78,28,77,18,7,105,75,47
2019/4/26 12:20,47,26,48,10,5,62,48,28
2019/4/26 12:30,28,10,28,12,4,44,32,13
2019/4/26 12:40,24,6,16,5,5,23,22,9
2019/4/26 12:50,8,9,12,1,6,16,4,7
2019/4/26 13:00,5,5,2,1,3,6,4,0
2019/4/26 13:10,3,5,3,2,3,4,0,0
2019/4/26 13:20,1,3,0,0,5,14,1,0
2019/4/26 13:30,0,5,0,1,2,5,0,0
2019/4/26 13:40,0,2,0,0,2,0,0,0
2019/4/26 13:50,0,3,0,0,3,0,0,0
2019/4/26 14:00,0,3,0,0,4,0,0,0
2019/4/26 14:10,0,12,0,0,6,0,0,0
2019/4/26 14:20,0,6,0,0,2,0,0,0
2019/4/26 14:30,0,3,0,0,2,0,0,0
2019/4/26 14:40,0,5,0,0,3,0,0,0
2019/4/26 14:50,0,1,0,0,2,0,0,0
2019/4/26 15:00,5,0,0,1,0,1,1,0
2019/4/26 15:10,5,6,0,0,5,0,0,0
2019/4/26 15:20,11,1,1,6,6,1,0,2
2019/4/26 15:30,9,6,3,6,5,1,0,2
2019/4/26 15:40,3,4,3,1,1,0,0,2
2019/4/26 15:50,2,1,1,3,7,2,0,1
2019/4/26 16:00,8,6,1,2,6,1,0,2
2019/4/26 16:10,9,12,5,4,10,3,1,16
2019/4/26 16:20,42,41,24,8,24,26,7,26
2019/4/26 16:30,29,15,20,7,11,9,20,14
2019/4/26 16:40,8,14,14,2,4,7,11,7
2019/4/26 16:50,15,7,12,7,4,14,9,21
2019/4/26 17:00,17,6,17,4,4,14,8,3
2019/4/26 17:10,22,11,8,3,3,25,10,8
2019/4/26 17:20,37,6,17,5,2,24,19,7
2019/4/26 17:30,45,8,21,6,4,26,26,2
2019/4/26 17:40,30,9,22,5,8,33,26,0
2019/4/26 17:50,29,4,27,7,6,59,34,0
2019/4/26 18:00,55,19,28,14,3,52,47,0
2019/4/26 18:10,47,7,35,11,2,45,29,0
2019/4/26 18:20,31,12,17,6,6,41,24,0
2019/4/26 18:30,30,12,19,3,4,40,26,0
2019/4/26 18:40,32,8,18,4,3,43,13,0
2019/4/26 18:50,21,10,18,5,6,34,16,0
2019/4/26 19:00,15,5,20,5,7,43,15,0
2019/4/26 19:10,13,5,26,0,11,38,7,0
2019/4/26 19:20,22,10,20,0,5,16,7,0
2019/4/26 19:30,17,6,10,0,3,10,3,0
2019/4/26 19:40,12,3,10,3,8,9,2,0
2019/4/26 19:50,12,4,7,2,2,4,2,0
2019/4/26 20:00,16,1,8,2,2,10,0,0
2019/4/26 20:10,15,6,6,0,1,3,0,0
2019/4/26 20:20,8,2,2,0,3,3,0,0
2019/4/26 20:30,7,4,3,1,1,2,0,0
2019/4/26 20:40,11,4,6,1,10,0,0,0
2019/4/26 20:50,11,6,1,0,4,0,0,0
2019/4/26 21:00,8,7,4,0,1,1,1,0
2019/4/26 21:10,5,3,2,1,2,0,0,0
2019/4/26 21:20,10,7,4,0,4,1,0,0
2019/4/26 21:30,6,11,5,0,3,2,1,0
2019/4/26 21:40,12,3,4,0,4,0,1,0
2019/4/26 21:50,9,5,5,0,5,0,0,0
2019/4/26 22:00,24,7,2,0,9,0,0,0
2019/4/26 22:10,36,13,7,0,11,0,0,0
2019/4/26 22:20,24,10,4,0,10,0,0,0
2019/4/26 22:30,5,5,3,0,6,0,0,0
2019/4/26 22:40,3,1,0,0,2,0,0,0
2019/4/26 22:50,0,1,1,0,0,0,0,0
2019/4/26 23:00,0,0,1,0,0,0,0,0
2019/4/26 23:10,0,0,0,0,0,0,0,0
2019/4/26 23:20,0,0,0,0,0,0,0,0
2019/4/26 23:30,0,0,0,0,0,0,0,0
2019/4/26 23:40,0,0,0,0,0,0,0,0
2019/4/26 23:50,0,0,0,0,0,0,0,0
2019/4/27 0:00,0,0,0,0,0,0,0,0
2019/4/27 0:10,0,0,0,0,0,0,0,0
2019/4/27 0:20,0,0,0,0,0,0,0,0
2019/4/27 0:30,0,0,0,0,0,0,0,0
2019/4/27 0:40,0,0,0,0,0,0,0,0
2019/4/27 0:50,0,0,0,0,0,0,0,0
2019/4/27 1:00,0,0,0,0,0,0,0,0
2019/4/27 1:10,0,0,0,0,0,0,0,0
2019/4/27 1:20,0,0,0,0,0,0,0,0
2019/4/27 1:30,0,0,0,0,0,0,0,0
2019/4/27 1:40,0,0,0,0,0,0,0,0
2019/4/27 1:50,0,0,0,0,0,0,0,0
2019/4/27 2:00,0,0,0,0,0,0,0,0
2019/4/27 2:10,0,0,0,0,0,0,0,0
2019/4/27 2:20,0,0,0,0,0,0,0,0
2019/4/27 2:30,0,0,0,0,0,0,0,0
2019/4/27 2:40,0,0,0,0,0,0,0,0
2019/4/27 2:50,0,0,0,0,0,0,0,0
2019/4/27 3:00,0,0,0,0,0,0,0,0
2019/4/27 3:10,0,0,0,0,0,0,0,0
2019/4/27 3:20,0,0,0,0,0,0,0,0
2019/4/27 3:30,0,0,0,0,0,0,0,0
2019/4/27 3:40,0,0,0,0,0,0,0,0
2019/4/27 3:50,0,0,0,0,0,0,0,0
2019/4/27 4:00,0,0,0,0,0,0,0,0
2019/4/27 4:10,0,0,0,0,0,0,0,0
2019/4/27 4:20,0,0,0,0,0,0,0,0
2019/4/27 4:30,0,0,0,0,0,0,0,0
2019/4/27 4:40,0,0,0,0,0,0,0,0
2019/4/27 4:50,0,0,0,0,0,0,0,0
2019/4/27 5:00,0,0,0,0,0,0,0,0
2019/4/27 5:10,0,0,0,0,0,0,0,0
2019/4/27 5:20,0,0,0,0,0,0,0,0
2019/4/27 5:30,0,0,0,0,0,0,0,0
2019/4/27 5:40,0,0,0,0,0,0,0,0
2019/4/27 5:50,0,0,0,0,0,0,0,0
2019/4/27 6:00,0,0,0,0,0,0,0,0
2019/4/27 6:10,0,0,0,0,0,0,0,0
2019/4/27 6:20,0,0,0,0,0,0,0,0
2019/4/27 6:30,1,0,0,0,0,0,0,0
2019/4/27 6:40,9,0,10,0,0,0,0,0
2019/4/27 6:50,17,0,15,0,0,0,0,0
2019/4/27 7:00,35,0,13,0,4,0,0,0
2019/4/27 7:10,20,0,24,0,0,0,0,0
2019/4/27 7:20,24,3,8,0,0,0,0,0
2019/4/27 7:30,18,4,18,0,1,0,0,0
2019/4/27 7:40,28,5,22,0,1,0,0,0
2019/4/27 7:50,31,4,18,0,0,0,0,0
2019/4/27 8:00,33,5,24,0,0,0,0,0
2019/4/27 8:10,23,2,18,0,1,0,0,0
2019/4/27 8:20,38,2,30,0,0,0,0,0
2019/4/27 8:30,25,3,32,0,1,0,0,0
2019/4/27 8:40,44,8,24,0,0,0,0,0
2019/4/27 8:50,50,5,19,0,0,0,0,0
2019/4/27 9:00,30,0,16,0,5,0,0,0
2019/4/27 9:10,25,7,13,0,1,0,0,0
2019/4/27 9:20,21,2,15,0,2,0,0,0
2019/4/27 9:30,32,1,8,0,3,0,0,3
2019/4/27 9:40,17,4,1,0,1,0,0,1
2019/4/27 9:50,12,6,0,0,0,0,0,0
2019/4/27 10:00,9,7,13,0,0,0,0,0
2019/4/27 10:10,9,10,5,0,1,0,0,2
2019/4/27 10:20,12,8,5,0,3,0,0,3
2019/4/27 10:30,10,6,13,0,1,0,0,1
2019/4/27 10:40,12,0,9,0,2,0,0,0
2019/4/27 10:50,11,5,19,0,1,0,0,2
2019/4/27 11:00,26,2,24,0,1,0,0,2
2019/4/27 11:10,47,10,40,0,2,0,0,0
2019/4/27 11:20,63,12,45,0,2,0,0,0
2019/4/27 11:30,90,12,79,0,4,0,0,0
2019/4/27 11:40,112,16,66,0,4,0,0,0
2019/4/27 11:50,126,18,53,0,12,0,0,10
2019/4/27 12:00,97,12,22,0,6,0,0,17
2019/4/27 12:10,78,26,25,0,15,0,0,3
2019/4/27 12:20,65,15,10,0,8,0,0,2
2019/4/27 12:30,57,21,13,0,8,0,0,1
2019/4/27 12:40,46,21,5,0,6,0,0,3
2019/4/27 12:50,22,15,0,0,2,0,0,1
2019/4/27 13:00,8,11,0,0,0,0,0,0
2019/4/27 13:10,2,9,1,0,5,0,0,0
2019/4/27 13:20,4,4,1,0,3,0,0,0
2019/4/27 13:30,6,4,0,0,3,0,0,0
2019/4/27 13:40,5,1,1,0,1,0,0,0
2019/4/27 13:50,0,0,0,0,0,0,0,0
2019/4/27 14:00,2,1,0,0,1,0,0,0
2019/4/27 14:10,1,2,1,0,3,0,0,0
2019/4/27 14:20,0,1,0,0,0,0,0,0
2019/4/27 14:30,0,0,0,0,0,0,0,0
2019/4/27 14:40,0,3,0,0,3,0,0,0
2019/4/27 14:50,0,3,0,0,0,0,0,0
2019/4/27 15:00,1,3,0,0,1,0,0,0
2019/4/27 15:10,0,2,0,0,1,0,0,0
2019/4/27 15:20,0,0,0,0,1,0,0,0
2019/4/27 15:30,0,1,0,0,1,0,0,0
2019/4/27 15:40,2,2,0,0,1,0,0,0
2019/4/27 15:50,2,2,0,0,2,0,0,0
2019/4/27 16:00,1,2,0,0,0,0,0,0
2019/4/27 16:10,0,5,2,0,2,0,0,0
2019/4/27 16:20,2,2,5,0,2,0,0,0
2019/4/27 16:30,2,1,3,0,1,0,0,2
2019/4/27 16:40,7,4,5,0,2,0,0,1
2019/4/27 16:50,8,1,14,0,4,0,0,2
2019/4/27 17:00,11,2,19,0,5,0,0,0
2019/4/27 17:10,19,5,27,0,1,0,0,0
2019/4/27 17:20,38,7,24,0,2,0,0,0
2019/4/27 17:30,55,6,40,0,2,0,0,0
2019/4/27 17:40,70,8,32,0,5,0,0,0
2019/4/27 17:50,60,6,34,0,4,0,0,0
2019/4/27 18:00,62,6,26,0,7,0,0,0
2019/4/27 18:10,72,9,16,0,6,0,0,0
2019/4/27 18:20,50,9,14,0,5,0,0,0
2019/4/27 18:30,51,6,7,0,7,0,0,0
2019/4/27 18:40,42,12,3,0,5,0,0,0
2019/4/27 18:50,22,7,2,0,7,0,0,0
2019/4/27 19:00,18,11,5,0,9,0,0,0
2019/4/27 19:10,26,5,5,0,4,0,0,0
2019/4/27 19:20,25,6,0,0,5,0,0,0
2019/4/27 19:30,26,10,0,0,8,0,0,0
2019/4/27 19:40,20,6,0,0,7,0,0,0
2019/4/27 19:50,16,3,0,0,4,0,0,0
2019/4/27 20:00,13,4,0,0,4,0,0,0
2019/4/27 20:10,7,3,0,0,3,0,0,0
2019/4/27 20:20,10,7,0,0,1,0,0,0
2019/4/27 20:30,6,8,0,0,0,0,0,0
2019/4/27 20:40,1,7,0,0,1,0,0,0
2019/4/27 20:50,12,2,0,0,4,0,0,0
2019/4/27 21:00,10,3,0,0,3,0,0,0
2019/4/27 21:10,7,8,0,0,1,0,0,0
2019/4/27 21:20,3,6,0,0,3,0,0,0
2019/4/27 21:30,5,2,0,0,1,0,0,0
2019/4/27 21:40,4,5,0,0,1,0,0,0
2019/4/27 21:50,4,5,0,0,5,0,0,0
2019/4/27 22:00,5,7,1,0,6,0,0,0
2019/4/27 22:10,6,7,1,0,3,0,0,0
2019/4/27 22:20,1,4,0,0,2,0,0,0
2019/4/27 22:30,3,2,0,0,7,0,0,0
2019/4/27 22:40,2,3,0,0,3,0,0,0
2019/4/27 22:50,0,1,0,0,4,0,0,0
2019/4/27 23:00,0,0,0,0,1,0,0,0
2019/4/27 23:10,0,0,0,0,0,0,0,0
2019/4/27 23:20,0,0,0,0,0,0,0,0
2019/4/27 23:30,0,0,0,0,0,0,0,0
2019/4/27 23:40,0,0,0,0,0,0,0,0
2019/4/27 23:50,0,0,0,0,0,0,0,0
